notion_page_id,notion_store_name,normalized_store_name,neighborhood,category,notion_url,existing_canonical_match,proposed_store_id,photo_available,route_count,coordinate_status,review_status,issue
2f2da158dd2a8031add4d55c925d8e73,비비큐 미평둔덕점,비비큐미평둔덕점,미평/ 둔덕,치킨,https://app.notion.com/p/2f2da158dd2a8031add4d55c925d8e73,0abd7147b7d6b1dd,0abd7147b7d6b1dd,true,8,unverified:null,신규 정상 가게,mention-page 누락 긴급 복구 완료
315da158dd2a8047906cc5c3c4c51e69,조선밀면&냉면 여수여서점,조선밀면냉면여수여서점,여서동,면요리,https://app.notion.com/p/315da158dd2a8047906cc5c3c4c51e69,d86586aaef8454c9,d86586aaef8454c9,true,7,unverified:null,신규 정상 가게,mention-page 누락 긴급 복구 완료
302da158dd2a805d987ff151d2d67239,1인피자 미니8 여수점,1인피자미니8여수점,"여서,문수",피자,https://app.notion.com/p/302da158dd2a805d987ff151d2d67239,,14feb7cbd67ef7e2,unknown,,not_registered:null,데이터 부족,사진·주문링크·중복·영업상태 batch 검수 필요
2feda158dd2a80a08084f21217d8ac0b,1인피자 피자먹다 여수여서점,1인피자피자먹다여수여서점,"여서,문수",피자,https://app.notion.com/p/2feda158dd2a80a08084f21217d8ac0b,,068b2ae8fe32874a,unknown,,not_registered:null,데이터 부족,사진·주문링크·중복·영업상태 batch 검수 필요
301da158dd2a80c1b659f0645bd2402a,60계치킨 여수미평점,60계치킨여수미평점,미평/ 둔덕,치킨,https://app.notion.com/p/301da158dd2a80c1b659f0645bd2402a,,fb798d3119a28415,unknown,,not_registered:null,데이터 부족,사진·주문링크·중복·영업상태 batch 검수 필요
2edda158dd2a80fda362ebecdffc1327,60계치킨 여수여서문수점,60계치킨여수여서문수점,여서/ 문수,치킨,https://app.notion.com/p/2edda158dd2a80fda362ebecdffc1327,,39f3c8acab504b00,unknown,,not_registered:null,데이터 부족,사진·주문링크·중복·영업상태 batch 검수 필요
2fcda158dd2a8003bd46c55e388d5fc7,88시장버거 여수신월점,88시장버거여수신월점,신월동,햄버거/샌드위치/토스트/핫도그,https://app.notion.com/p/2fcda158dd2a8003bd46c55e388d5fc7,,f0f1211ec16d7730,unknown,,not_registered:null,데이터 부족,사진·주문링크·중복·영업상태 batch 검수 필요
2f3da158dd2a808e97dcc2d9bf2e8fe8,가마치통닭 여서점,가마치통닭여서점,여서/ 문수,치킨,https://app.notion.com/p/2f3da158dd2a808e97dcc2d9bf2e8fe8,,361f855efc21c1c2,unknown,,not_registered:null,데이터 부족,사진·주문링크·중복·영업상태 batch 검수 필요
2f3da158dd2a80868529f3a160d8fdc1,가마치통닭 여수전남대점,가마치통닭여수전남대점,미평/ 둔덕,치킨,https://app.notion.com/p/2f3da158dd2a80868529f3a160d8fdc1,,0f82d1d73f86371d,unknown,,not_registered:null,데이터 부족,사진·주문링크·중복·영업상태 batch 검수 필요
2fdda158dd2a80438ef8d74a949733e2,감탄떡볶이 문수점,감탄떡볶이문수점,"여서,문수",분식/도시락,https://app.notion.com/p/2fdda158dd2a80438ef8d74a949733e2,,7432d966de3f75ab,unknown,,not_registered:null,데이터 부족,사진·주문링크·중복·영업상태 batch 검수 필요
302da158dd2a8032b317e4e3c155af5f,계근상 여수본점(문수동),계근상여수본점문수동,"여서,문수",한식,https://app.notion.com/p/302da158dd2a8032b317e4e3c155af5f,,e57c51a4f6294349,unknown,,not_registered:null,데이터 부족,사진·주문링크·중복·영업상태 batch 검수 필요
2ebda158dd2a80beb547c45a55f2f721,"계동치킨 여문점(먹깨비,땡겨요로 주문시 음료스 서비스)",계동치킨여문점먹깨비땡겨요로주문시음료스서비스,여서/ 문수,치킨,https://app.notion.com/p/2ebda158dd2a80beb547c45a55f2f721,,6d48c7e2bca79c18,unknown,,not_registered:null,데이터 부족,사진·주문링크·중복·영업상태 batch 검수 필요
31fda158dd2a8090854fcb00c928888a,국민학교,국민학교,"미평,둔덕",회/초밥/선어/해산물,https://app.notion.com/p/31fda158dd2a8090854fcb00c928888a,,f7385d8006310630,unknown,,not_registered:null,데이터 부족,사진·주문링크·중복·영업상태 batch 검수 필요
31eda158dd2a80aba8d2c7139259b8b3,굽네치킨&피자 문수점,굽네치킨피자문수점,여서/ 문수,치킨,https://app.notion.com/p/31eda158dd2a80aba8d2c7139259b8b3,,f6d0e57091aa21ab,unknown,,not_registered:null,데이터 부족,사진·주문링크·중복·영업상태 batch 검수 필요
2f6da158dd2a8092a251ca7553a34391,굽네치킨&피자 여수미평점,굽네치킨피자여수미평점,미평/ 둔덕,치킨,https://app.notion.com/p/2f6da158dd2a8092a251ca7553a34391,,0836fdf722805702,unknown,,not_registered:null,데이터 부족,사진·주문링크·중복·영업상태 batch 검수 필요
324da158dd2a8032b82de778963b1c31,금성칡냉면 미평점,금성칡냉면미평점,미평/ 둔덕,면요리,https://app.notion.com/p/324da158dd2a8032b82de778963b1c31,,895a9425dc41ddf7,unknown,,not_registered:null,데이터 부족,사진·주문링크·중복·영업상태 batch 검수 필요
2feda158dd2a809497e3e1e121c61095,금쪽갈비 여수점,금쪽갈비여수점,"여서,문수",한식,https://app.notion.com/p/2feda158dd2a809497e3e1e121c61095,,450eb70e506c2de9,unknown,,not_registered:null,데이터 부족,사진·주문링크·중복·영업상태 batch 검수 필요
2f0da158dd2a8098be41d7cd78bd8836,기영이 숯불두마리치킨 여수여서점,기영이숯불두마리치킨여수여서점,여서/ 문수,치킨,https://app.notion.com/p/2f0da158dd2a8098be41d7cd78bd8836,,f499191f0f57acc7,unknown,,not_registered:null,데이터 부족,사진·주문링크·중복·영업상태 batch 검수 필요
34bda158dd2a801a9f9ef1379ac363d0,김종구식 맛치킨 전기바베큐 옛날통닭 여서점,김종구식맛치킨전기바베큐옛날통닭여서점,여서/ 문수,치킨,https://app.notion.com/p/34bda158dd2a801a9f9ef1379ac363d0,,888abbb8bf28aa2f,unknown,,not_registered:null,데이터 부족,사진·주문링크·중복·영업상태 batch 검수 필요
33eda158dd2a80cbab23f137202a5b35,김치찜은 못참지 미평점,김치찜은못참지미평점,"미평,둔덕",한식,https://app.notion.com/p/33eda158dd2a80cbab23f137202a5b35,,cb6098165692c227,unknown,,not_registered:null,데이터 부족,사진·주문링크·중복·영업상태 batch 검수 필요
2feda158dd2a80588801f5bca8c0e621,까치식당 문수점,까치식당문수점,"여서,문수",한식,https://app.notion.com/p/2feda158dd2a80588801f5bca8c0e621,,ec69425551829f69,unknown,,not_registered:null,데이터 부족,사진·주문링크·중복·영업상태 batch 검수 필요
36eda158dd2a80f7b6b1fdcc7ce44fed,나도국밥 오림점,나도국밥오림점,오림동,한식,https://app.notion.com/p/36eda158dd2a80f7b6b1fdcc7ce44fed,,088abdb69cb8a6a2,unknown,,not_registered:null,데이터 부족,사진·주문링크·중복·영업상태 batch 검수 필요
2fcda158dd2a80adb0d2d8245be21c35,내조국 국밥 여수관문점,내조국국밥여수관문점,관문동,한식,https://app.notion.com/p/2fcda158dd2a80adb0d2d8245be21c35,,10b54f62f36e9854,unknown,,not_registered:null,데이터 부족,사진·주문링크·중복·영업상태 batch 검수 필요
34bda158dd2a80fab341c964971a8f6d,내조국 국밥 터미널점,내조국국밥터미널점,오림동,한식,https://app.notion.com/p/34bda158dd2a80fab341c964971a8f6d,,446987616ddf6443,unknown,,not_registered:null,데이터 부족,사진·주문링크·중복·영업상태 batch 검수 필요
31ada158dd2a80da822de9b634706871,네네치킨 둔덕미평점,네네치킨둔덕미평점,미평/ 둔덕,치킨,https://app.notion.com/p/31ada158dd2a80da822de9b634706871,,884d23981fd2429a,unknown,,not_registered:null,데이터 부족,사진·주문링크·중복·영업상태 batch 검수 필요
2f4da158dd2a80c39bbdea4906cdeda2,노랑통닭 여수봉산점,노랑통닭여수봉산점,봉산동,치킨,https://app.notion.com/p/2f4da158dd2a80c39bbdea4906cdeda2,,a93abf2f62c2dd79,unknown,,not_registered:null,데이터 부족,사진·주문링크·중복·영업상태 batch 검수 필요
2e8da158dd2a80918a58f7940a734d03,늘 커피,늘커피,봉산동,카페/디저트/베이커리/아이스크림/빙수,https://app.notion.com/p/2e8da158dd2a80918a58f7940a734d03,,83efed7d2768d111,unknown,,not_registered:null,데이터 부족,사진·주문링크·중복·영업상태 batch 검수 필요
304da158dd2a80c08d73ce23e9f0d2bb,다기야치킨 여문점,다기야치킨여문점,여서/ 문수,치킨,https://app.notion.com/p/304da158dd2a80c08d73ce23e9f0d2bb,,0d3062d5a5b94697,unknown,,not_registered:null,데이터 부족,사진·주문링크·중복·영업상태 batch 검수 필요
31ada158dd2a807290efd0e6d658e742,다정아구 미평,다정아구미평,"미평,둔덕",한식,https://app.notion.com/p/31ada158dd2a807290efd0e6d658e742,,9e0a2da7ddfa3d93,unknown,,not_registered:null,데이터 부족,사진·주문링크·중복·영업상태 batch 검수 필요
300da158dd2a8092a711d50955fa4905,닭가대표 숯불직화구이치킨 여수대표점,닭가대표숯불직화구이치킨여수대표점,여서/ 문수,치킨,https://app.notion.com/p/300da158dd2a8092a711d50955fa4905,,8a219b158c321627,unknown,,not_registered:null,데이터 부족,사진·주문링크·중복·영업상태 batch 검수 필요
2f9da158dd2a806c88cbfc1d1c727bff,당빙땡 여수점,당빙땡여수점,"여서,문수",카페/디저트/베이커리/아이스크림/빙수,https://app.notion.com/p/2f9da158dd2a806c88cbfc1d1c727bff,,eb850ecfb17945a7,unknown,,not_registered:null,데이터 부족,사진·주문링크·중복·영업상태 batch 검수 필요
2feda158dd2a80c080a2fe42842ec53c,대박난쪽갈비 여수점,대박난쪽갈비여수점,"여서,문수",한식,https://app.notion.com/p/2feda158dd2a80c080a2fe42842ec53c,,f31d8c5f04fb7b79,unknown,,not_registered:null,데이터 부족,사진·주문링크·중복·영업상태 batch 검수 필요
2e7da158dd2a80bd83f4fcd09685bf79,대박삼겹김치찜,대박삼겹김치찜,봉강동,한식,https://app.notion.com/p/2e7da158dd2a80bd83f4fcd09685bf79,,5fd5f9ecd8251999,unknown,,not_registered:null,데이터 부족,사진·주문링크·중복·영업상태 batch 검수 필요
31fda158dd2a80a0a743c316f08c0990,대정식당 미평점,대정식당미평점,"미평,둔덕",한식,https://app.notion.com/p/31fda158dd2a80a0a743c316f08c0990,,406b4a0b39f729fc,unknown,,not_registered:null,데이터 부족,사진·주문링크·중복·영업상태 batch 검수 필요
300da158dd2a8062b63cde87c4415628,대패가1900 문수점,대패가1900문수점,"여서,문수",한식,https://app.notion.com/p/300da158dd2a8062b63cde87c4415628,,dabbebff4fca3c56,unknown,,not_registered:null,데이터 부족,사진·주문링크·중복·영업상태 batch 검수 필요
2f9da158dd2a80ceaedbf08f4d41c7b3,더벤티 미평점,더벤티미평점,"미평, 둔덕동",카페/디저트/베이커리/아이스크림/빙수,https://app.notion.com/p/2f9da158dd2a80ceaedbf08f4d41c7b3,,452526604d3b10c4,unknown,,not_registered:null,데이터 부족,사진·주문링크·중복·영업상태 batch 검수 필요
2f5da158dd2a8098a5b6ccd63e5f290a,더벤티 여수국동항점,더벤티여수국동항점,국동,카페/디저트/베이커리/아이스크림/빙수,https://app.notion.com/p/2f5da158dd2a8098a5b6ccd63e5f290a,,9ee73ce6168105ec,unknown,,not_registered:null,데이터 부족,사진·주문링크·중복·영업상태 batch 검수 필요
30cda158dd2a808e8039fb581cc41616,덮덮밥 미평점,덮덮밥미평점,"미평,둔덕",한식,https://app.notion.com/p/30cda158dd2a808e8039fb581cc41616,,45dc9cf61ba55263,unknown,,not_registered:null,데이터 부족,사진·주문링크·중복·영업상태 batch 검수 필요
348da158dd2a80898963f36f575a8cf7,도란도란,도란도란,신기동,카페/디저트/베이커리/아이스크림/빙수,https://app.notion.com/p/348da158dd2a80898963f36f575a8cf7,,8cf43f95e569fe29,unknown,,not_registered:null,데이터 부족,사진·주문링크·중복·영업상태 batch 검수 필요
2eada158dd2a80518569cfdb0e2f6404,도미노피자 문수점,도미노피자문수점,"여서,문수",피자,https://app.notion.com/p/2eada158dd2a80518569cfdb0e2f6404,,dc638b23f8cf3c5b,unknown,,not_registered:null,데이터 부족,사진·주문링크·중복·영업상태 batch 검수 필요
2fcda158dd2a80efb2a1c94087ebe615,돈치킨 여수둔덕봉계점,돈치킨여수둔덕봉계점,봉계동,치킨,https://app.notion.com/p/2fcda158dd2a80efb2a1c94087ebe615,,1ecbe36dd1efafed,unknown,,not_registered:null,데이터 부족,사진·주문링크·중복·영업상태 batch 검수 필요
367da158dd2a809abbd0eb33c9656a03,두찜 여수 봉계점,두찜여수봉계점,봉계동,한식,https://app.notion.com/p/367da158dd2a809abbd0eb33c9656a03,,9fb6e32d9f70edc1,unknown,,not_registered:null,데이터 부족,사진·주문링크·중복·영업상태 batch 검수 필요
2f0da158dd2a804cb0ddde0367597df0,두찜 여수국동점,두찜여수국동점,국동,한식,https://app.notion.com/p/2f0da158dd2a804cb0ddde0367597df0,,2dda90913b0b1a4c,unknown,,not_registered:null,데이터 부족,사진·주문링크·중복·영업상태 batch 검수 필요
301da158dd2a80b1ab50e69357f296ab,등뼈감자탕 미평점,등뼈감자탕미평점,"미평,둔덕",한식,https://app.notion.com/p/301da158dd2a80b1ab50e69357f296ab,,996f54c7c66ec979,unknown,,not_registered:null,데이터 부족,사진·주문링크·중복·영업상태 batch 검수 필요
318da158dd2a8085b930f449ce74776f,뚜레쥬르 여수미평점,뚜레쥬르여수미평점,"미평, 둔덕동",카페/디저트/베이커리/아이스크림/빙수,https://app.notion.com/p/318da158dd2a8085b930f449ce74776f,,d6602c793047b361,unknown,,not_registered:null,데이터 부족,사진·주문링크·중복·영업상태 batch 검수 필요
34bda158dd2a80aa877be5feac2193da,뚜레쥬르 여수여서점,뚜레쥬르여수여서점,"여서,문수",카페/디저트/베이커리/아이스크림/빙수,https://app.notion.com/p/34bda158dd2a80aa877be5feac2193da,,30d2edbcabcca6ec,unknown,,not_registered:null,데이터 부족,사진·주문링크·중복·영업상태 batch 검수 필요
2ecda158dd2a800e8adfe09d815aac8c,라홍방마라탕 문수점,라홍방마라탕문수점,"여서,문수",마라탕/양꼬치,https://app.notion.com/p/2ecda158dd2a800e8adfe09d815aac8c,,3a6078da746f1953,unknown,,not_registered:null,데이터 부족,사진·주문링크·중복·영업상태 batch 검수 필요
2f6da158dd2a807d8350c394a649db09,라홍방마라탕 여수미평점,라홍방마라탕여수미평점,"미평,둔덕",마라탕/양꼬치,https://app.notion.com/p/2f6da158dd2a807d8350c394a649db09,,cfe1c17e1840e7d3,unknown,,not_registered:null,데이터 부족,사진·주문링크·중복·영업상태 batch 검수 필요
2feda158dd2a801da0b0d8d6f42a61f1,롤링파스타 여서점,롤링파스타여서점,여서/ 문수,면요리,https://app.notion.com/p/2feda158dd2a801da0b0d8d6f42a61f1,,f7167d017e7368e7,unknown,,not_registered:null,데이터 부족,사진·주문링크·중복·영업상태 batch 검수 필요
2e7da158dd2a80dca81ec893c6d1f60b,롯데리아 국동점,롯데리아국동점,국동,햄버거/샌드위치/토스트/핫도그,https://app.notion.com/p/2e7da158dd2a80dca81ec893c6d1f60b,,cabd6b395f6099e2,unknown,,not_registered:null,데이터 부족,사진·주문링크·중복·영업상태 batch 검수 필요
2e8da158dd2a80528750d501658159bd,롯데리아 이마트점,롯데리아이마트점,오림동,햄버거/샌드위치/토스트/핫도그,https://app.notion.com/p/2e8da158dd2a80528750d501658159bd,,e0c6949efb48f4b2,unknown,,not_registered:null,데이터 부족,사진·주문링크·중복·영업상태 batch 검수 필요
2e6da158dd2a80f4bd73dd5a5c762fef,롯데리아 중앙점,롯데리아중앙점,"교동, 중앙동",햄버거/샌드위치/토스트/핫도그,https://app.notion.com/p/2e6da158dd2a80f4bd73dd5a5c762fef,,6092aabddf5f7194,unknown,,not_registered:null,데이터 부족,사진·주문링크·중복·영업상태 batch 검수 필요
305da158dd2a809db4f1f9fa54f5c3ea,리얼펍살얼음맥주 여수문수점,리얼펍살얼음맥주여수문수점,"여서,문수",야식/주점,https://app.notion.com/p/305da158dd2a809db4f1f9fa54f5c3ea,,2bd8ea8779f87995,unknown,,not_registered:null,데이터 부족,사진·주문링크·중복·영업상태 batch 검수 필요
323da158dd2a801ca3a6fe9161851afe,"린차이나(먹깨비,땡겨요로 주문시 만두 서비스!!!)",린차이나먹깨비땡겨요로주문시만두서비스!!!,"여서,문수",중식,https://app.notion.com/p/323da158dd2a801ca3a6fe9161851afe,,27ea3ca86eab89ec,unknown,,not_registered:null,데이터 부족,사진·주문링크·중복·영업상태 batch 검수 필요
2e9da158dd2a8076bb67ef65db184ca0,마선생 얼큰국밥,마선생얼큰국밥,"여서,문수",한식,https://app.notion.com/p/2e9da158dd2a8076bb67ef65db184ca0,,ce5dccb3d6031316,unknown,,not_registered:null,데이터 부족,사진·주문링크·중복·영업상태 batch 검수 필요
2ebda158dd2a8015b97ec8a11e9af6ab,맘스터치 문수점,맘스터치문수점,"여서,문수",햄버거/샌드위치/토스트/핫도그,https://app.notion.com/p/2ebda158dd2a8015b97ec8a11e9af6ab,,10db3b0db6ebf8c5,unknown,,not_registered:null,데이터 부족,사진·주문링크·중복·영업상태 batch 검수 필요
2f9da158dd2a8013b034f1ffae05e8f9,맘스터치 여수미평점,맘스터치여수미평점,"미평,둔덕",햄버거/샌드위치/토스트/핫도그,https://app.notion.com/p/2f9da158dd2a8013b034f1ffae05e8f9,,1d729c41283c6026,unknown,,not_registered:null,데이터 부족,사진·주문링크·중복·영업상태 batch 검수 필요
31fda158dd2a803db0f0ea4cf62ff37a,맛집남도밀면,맛집남도밀면,미평/ 둔덕,면요리,https://app.notion.com/p/31fda158dd2a803db0f0ea4cf62ff37a,,039652f6eff5f6d7,unknown,,not_registered:null,데이터 부족,사진·주문링크·중복·영업상태 batch 검수 필요
34bda158dd2a801d8ec7db274e13e0f0,미미꼬마김밥 여서점,미미꼬마김밥여서점,"여서,문수",분식/도시락,https://app.notion.com/p/34bda158dd2a801d8ec7db274e13e0f0,,92c0c6cc2688ef0d,unknown,,not_registered:null,데이터 부족,사진·주문링크·중복·영업상태 batch 검수 필요
2ffda158dd2a802ab278f6f4ff571dfd,미치게 본점,미치게본점,"여서,문수",한식,https://app.notion.com/p/2ffda158dd2a802ab278f6f4ff571dfd,,7a151d290e01dc51,unknown,,not_registered:null,데이터 부족,사진·주문링크·중복·영업상태 batch 검수 필요
335da158dd2a801ebbe6d3186bb33596,미평햄버거 본점,미평햄버거본점,"미평,둔덕",분식/도시락,https://app.notion.com/p/335da158dd2a801ebbe6d3186bb33596,,00720e7025646b7f,unknown,,not_registered:null,데이터 부족,사진·주문링크·중복·영업상태 batch 검수 필요
2edda158dd2a8081b817fc988baa4fe6,반올림피자 여수미평점,반올림피자여수미평점,"미평,둔덕",피자,https://app.notion.com/p/2edda158dd2a8081b817fc988baa4fe6,,720bbd7fb87816a7,unknown,,not_registered:null,데이터 부족,사진·주문링크·중복·영업상태 batch 검수 필요
2f1da158dd2a80198842cbd0b10dbfa0,배떡 여수점,배떡여수점,"여서,문수",분식/도시락,https://app.notion.com/p/2f1da158dd2a80198842cbd0b10dbfa0,,c938cc2ee278ce23,unknown,,not_registered:null,데이터 부족,사진·주문링크·중복·영업상태 batch 검수 필요
33dda158dd2a80bc9a58fc213cd8cab0,배스킨라빈스 여수미평점,배스킨라빈스여수미평점,"미평, 둔덕동",카페/디저트/베이커리/아이스크림/빙수,https://app.notion.com/p/33dda158dd2a80bc9a58fc213cd8cab0,,6286966a0169a76b,unknown,,not_registered:null,데이터 부족,사진·주문링크·중복·영업상태 batch 검수 필요
2f3da158dd2a80e09fbddb2c637ea8a7,배스킨라빈스 여수여서점,배스킨라빈스여수여서점,"여서,문수",카페/디저트/베이커리/아이스크림/빙수,https://app.notion.com/p/2f3da158dd2a80e09fbddb2c637ea8a7,,0619092f600c5be4,unknown,,not_registered:null,데이터 부족,사진·주문링크·중복·영업상태 batch 검수 필요
33cda158dd2a8041bf7acb4e513dfc34,백년족발,백년족발,"여서,문수",족발/보쌈,https://app.notion.com/p/33cda158dd2a8041bf7acb4e513dfc34,,0987413e7ca12e2a,unknown,,not_registered:null,데이터 부족,사진·주문링크·중복·영업상태 batch 검수 필요
2feda158dd2a80a1a745ca4fc21ec289,백수초밥,백수초밥,"여서,문수",회/초밥/선어/해산물,https://app.notion.com/p/2feda158dd2a80a1a745ca4fc21ec289,,6c3386fc9f4a5b5b,unknown,,not_registered:null,데이터 부족,사진·주문링크·중복·영업상태 batch 검수 필요
324da158dd2a803db3f2d17aa3487d5a,백억 흑미 꼬마김밥,백억흑미꼬마김밥,"여서,문수",분식/도시락,https://app.notion.com/p/324da158dd2a803db3f2d17aa3487d5a,,40c638502decc604,unknown,,not_registered:null,데이터 부족,사진·주문링크·중복·영업상태 batch 검수 필요
2f3da158dd2a80588303dcd01d7384a8,보드람치킨 여수여서점,보드람치킨여수여서점,여서/ 문수,치킨,https://app.notion.com/p/2f3da158dd2a80588303dcd01d7384a8,,516887f76fb093bc,unknown,,not_registered:null,데이터 부족,사진·주문링크·중복·영업상태 batch 검수 필요
31eda158dd2a801999b3f457de24ff0f,본스치킨 미평점,본스치킨미평점,미평/ 둔덕,치킨,https://app.notion.com/p/31eda158dd2a801999b3f457de24ff0f,,57ae8848b4ccc2a1,unknown,,not_registered:null,데이터 부족,사진·주문링크·중복·영업상태 batch 검수 필요
2feda158dd2a8064ba77f1d5c3bc11ed,봉구스밥버거 문수점,봉구스밥버거문수점,"여서,문수",분식/도시락,https://app.notion.com/p/2feda158dd2a8064ba77f1d5c3bc11ed,,7c03a236a9c011b4,unknown,,not_registered:null,데이터 부족,사진·주문링크·중복·영업상태 batch 검수 필요
2efda158dd2a80d39c60ee66d65fb843,봉명동내커피 여수문수점,봉명동내커피여수문수점,"여서,문수",카페/디저트/베이커리/아이스크림/빙수,https://app.notion.com/p/2efda158dd2a80d39c60ee66d65fb843,,8d36892e33e3536b,unknown,,not_registered:null,데이터 부족,사진·주문링크·중복·영업상태 batch 검수 필요
2f1da158dd2a8013baa6cbba2a806c48,부대찌개 전쟁터,부대찌개전쟁터,"교동, 중앙동",한식,https://app.notion.com/p/2f1da158dd2a8013baa6cbba2a806c48,,ba73ff085a9fe8a1,unknown,,not_registered:null,데이터 부족,사진·주문링크·중복·영업상태 batch 검수 필요
2feda158dd2a8080b11ee43aa7d09c96,북촌손만두&피냉면 여수문수점,북촌손만두피냉면여수문수점,여서/ 문수,면요리,https://app.notion.com/p/2feda158dd2a8080b11ee43aa7d09c96,,c1a35b0c8903cd57,unknown,,not_registered:null,데이터 부족,사진·주문링크·중복·영업상태 batch 검수 필요
2f5da158dd2a80d2a8eff2505d85a2b8,불로만치킨바베큐 여서점,불로만치킨바베큐여서점,여서/ 문수,치킨,https://app.notion.com/p/2f5da158dd2a80d2a8eff2505d85a2b8,,372fc26c2137b79f,unknown,,not_registered:null,데이터 부족,사진·주문링크·중복·영업상태 batch 검수 필요
349da158dd2a807fb4bcebd3c98f8384,비비큐 여수여서점,비비큐여수여서점,여서/ 문수,치킨,https://app.notion.com/p/349da158dd2a807fb4bcebd3c98f8384,,450856a6b5fd4846,unknown,,not_registered:null,데이터 부족,사진·주문링크·중복·영업상태 batch 검수 필요
2f6da158dd2a80228637ddf59e2fb3f0,빙동댕 여수문수점,빙동댕여수문수점,"여서,문수",카페/디저트/베이커리/아이스크림/빙수,https://app.notion.com/p/2f6da158dd2a80228637ddf59e2fb3f0,,29413e4ca86793cf,unknown,,not_registered:null,데이터 부족,사진·주문링크·중복·영업상태 batch 검수 필요
2fcda158dd2a80909257e03a9e41f591,빵빵김밥 여서점,빵빵김밥여서점,"여서,문수",분식/도시락,https://app.notion.com/p/2fcda158dd2a80909257e03a9e41f591,,f14bc5ec109f3af0,unknown,,not_registered:null,데이터 부족,사진·주문링크·중복·영업상태 batch 검수 필요
2ecda158dd2a80b1be91c0306063150f,빵위에치즈 여수점,빵위에치즈여수점,"여서,문수",피자,https://app.notion.com/p/2ecda158dd2a80b1be91c0306063150f,,8d21bc80dd49679e,unknown,,not_registered:null,데이터 부족,사진·주문링크·중복·영업상태 batch 검수 필요
36dda158dd2a80b78cbbcfb4561d744d,뽕뜨락피자 여수여서점,뽕뜨락피자여수여서점,"여서,문수",피자,https://app.notion.com/p/36dda158dd2a80b78cbbcfb4561d744d,,aa0a00258c22f377,unknown,,not_registered:null,데이터 부족,사진·주문링크·중복·영업상태 batch 검수 필요
301da158dd2a803597e0f26b4b81e909,삼첩분식 미평점,삼첩분식미평점,"미평,둔덕",분식/도시락,https://app.notion.com/p/301da158dd2a803597e0f26b4b81e909,,9509311543276bbf,unknown,,not_registered:null,데이터 부족,사진·주문링크·중복·영업상태 batch 검수 필요
2fcda158dd2a8001803fc7dd177f5ff4,서영이네김밥 미평점,서영이네김밥미평점,"미평,둔덕",분식/도시락,https://app.notion.com/p/2fcda158dd2a8001803fc7dd177f5ff4,,90cd1600c54ce7d0,unknown,,not_registered:null,데이터 부족,사진·주문링크·중복·영업상태 batch 검수 필요
2f3da158dd2a800ca08fd82302f933e6,서울깍두기 미평직영점,서울깍두기미평직영점,"미평,둔덕",한식,https://app.notion.com/p/2f3da158dd2a800ca08fd82302f933e6,,6daf3c1e0dfb68fe,unknown,,not_registered:null,데이터 부족,사진·주문링크·중복·영업상태 batch 검수 필요
2fcda158dd2a80db9819c2f9978a7854,서울해장국,서울해장국,"교동, 중앙동",한식,https://app.notion.com/p/2fcda158dd2a80db9819c2f9978a7854,,944533e323d7707e,unknown,,not_registered:null,데이터 부족,사진·주문링크·중복·영업상태 batch 검수 필요
2ebda158dd2a8047a070f09f9ae40469,소풍 미평점,소풍미평점,"미평,둔덕",분식/도시락,https://app.notion.com/p/2ebda158dd2a8047a070f09f9ae40469,,a2f437f54b756898,unknown,,not_registered:null,데이터 부족,사진·주문링크·중복·영업상태 batch 검수 필요
330da158dd2a80568714c6cd5c395c63,손수김밥 양지점,손수김밥양지점,"미평,둔덕",한식,https://app.notion.com/p/330da158dd2a80568714c6cd5c395c63,,67a9e4f14c8c7ea4,unknown,,not_registered:null,데이터 부족,사진·주문링크·중복·영업상태 batch 검수 필요
31eda158dd2a8091986bd92f0d3281e5,수해복마라탕 여수미평점,수해복마라탕여수미평점,"미평,둔덕",마라탕/양꼬치,https://app.notion.com/p/31eda158dd2a8091986bd92f0d3281e5,,c59a5a8f5a91ce24,unknown,,not_registered:null,데이터 부족,사진·주문링크·중복·영업상태 batch 검수 필요
303da158dd2a80a7a87ac2acd31f2968,쉐프의 생 안심탕수육 문수점,쉐프의생안심탕수육문수점,"여서,문수",중식,https://app.notion.com/p/303da158dd2a80a7a87ac2acd31f2968,,1945b6a42e0da33c,unknown,,not_registered:null,데이터 부족,사진·주문링크·중복·영업상태 batch 검수 필요
2f6da158dd2a80ab9c16d70647e1d012,시민족발보쌈,시민족발보쌈,"여서,문수",족발/보쌈,https://app.notion.com/p/2f6da158dd2a80ab9c16d70647e1d012,,709d27cafd434e30,unknown,,not_registered:null,데이터 부족,사진·주문링크·중복·영업상태 batch 검수 필요
357da158dd2a802ea8dace62da48cd2d,시원밀면냉면 여수점,시원밀면냉면여수점,국동,면요리,https://app.notion.com/p/357da158dd2a802ea8dace62da48cd2d,,c057c0a0076a8eb1,unknown,,not_registered:null,데이터 부족,사진·주문링크·중복·영업상태 batch 검수 필요
2ebda158dd2a8064ad32c4997bb8ba0a,써브웨이 여서점,써브웨이여서점,"여서,문수",햄버거/샌드위치/토스트/핫도그,https://app.notion.com/p/2ebda158dd2a8064ad32c4997bb8ba0a,,d89dce51902e9756,unknown,,not_registered:null,데이터 부족,사진·주문링크·중복·영업상태 batch 검수 필요
2f8da158dd2a809bba1de1a9e37385b1,쑝쑝돈까스 여수미평점,쑝쑝돈까스여수미평점,"미평,둔덕",돈까스/일식,https://app.notion.com/p/2f8da158dd2a809bba1de1a9e37385b1,,8d9e961a6ffd106f,unknown,,not_registered:null,데이터 부족,사진·주문링크·중복·영업상태 batch 검수 필요
34bda158dd2a809dbc2ef7f17fb284c6,아구회관,아구회관,"여서,문수",한식,https://app.notion.com/p/34bda158dd2a809dbc2ef7f17fb284c6,,4d45e2363f0a18dd,unknown,,not_registered:null,데이터 부족,사진·주문링크·중복·영업상태 batch 검수 필요
2e4da158dd2a80a0b157fe0c61a9861f,아주커치킨 둔덕점,아주커치킨둔덕점,미평/ 둔덕,치킨,https://app.notion.com/p/2e4da158dd2a80a0b157fe0c61a9861f,,c56d65926bf2b224,unknown,,not_registered:null,데이터 부족,사진·주문링크·중복·영업상태 batch 검수 필요
2edda158dd2a80d08e8fc9a9218dae7f,아주커치킨 문수점,아주커치킨문수점,여서/ 문수,치킨,https://app.notion.com/p/2edda158dd2a80d08e8fc9a9218dae7f,,e66f136d0e468b6e,unknown,,not_registered:null,데이터 부족,사진·주문링크·중복·영업상태 batch 검수 필요
333da158dd2a80a981a8c4e9e203046b,아주커치킨 미평점,아주커치킨미평점,미평/ 둔덕,치킨,https://app.notion.com/p/333da158dd2a80a981a8c4e9e203046b,,cea43a5971a17628,unknown,,not_registered:null,데이터 부족,사진·주문링크·중복·영업상태 batch 검수 필요
33cda158dd2a8080991def63400be976,아차산매운떡볶이 여수점,아차산매운떡볶이여수점,국동,분식/도시락,https://app.notion.com/p/33cda158dd2a8080991def63400be976,,c7a234ae0185bdee,unknown,,not_registered:null,데이터 부족,사진·주문링크·중복·영업상태 batch 검수 필요
2edda158dd2a8043bb20d57e14f44c47,앨리스토리커피,앨리스토리커피,"여서,문수",카페/디저트/베이커리/아이스크림/빙수,https://app.notion.com/p/2edda158dd2a8043bb20d57e14f44c47,,da8665eac406cc04,unknown,,not_registered:null,데이터 부족,사진·주문링크·중복·영업상태 batch 검수 필요
31fda158dd2a80799ceff7d3d52bd6af,양지골수육,양지골수육,"미평,둔덕",한식,https://app.notion.com/p/31fda158dd2a80799ceff7d3d52bd6af,,170c2c5b7b5a24c1,unknown,,not_registered:null,데이터 부족,사진·주문링크·중복·영업상태 batch 검수 필요
319da158dd2a80d78e4cf3e288438399,양철북곱창 미평점,양철북곱창미평점,"미평,둔덕",한식,https://app.notion.com/p/319da158dd2a80d78e4cf3e288438399,,4b2a2803e3a4c80a,unknown,,not_registered:null,데이터 부족,사진·주문링크·중복·영업상태 batch 검수 필요
302da158dd2a803b96f9d9ae92d38785,여수 돌산 꽈배기,여수돌산꽈배기,서교동,카페/디저트/베이커리/아이스크림/빙수,https://app.notion.com/p/302da158dd2a803b96f9d9ae92d38785,,a60a8b15c1648b9b,unknown,,not_registered:null,데이터 부족,사진·주문링크·중복·영업상태 batch 검수 필요
324da158dd2a807aa5facf215846d1b9,여수대표치킨,여수대표치킨,봉산동,치킨,https://app.notion.com/p/324da158dd2a807aa5facf215846d1b9,,48a8921c93fca359,unknown,,not_registered:null,데이터 부족,사진·주문링크·중복·영업상태 batch 검수 필요
34cda158dd2a80aba984fe2caf1b1959,여수숯불창고,여수숯불창고,"여서,문수",야식/주점,https://app.notion.com/p/34cda158dd2a80aba984fe2caf1b1959,,5a4fee4e5893eb6c,unknown,,not_registered:null,데이터 부족,사진·주문링크·중복·영업상태 batch 검수 필요
2ffda158dd2a800a9290e2af9872221f,여수싱싱회&육회 문수본점,여수싱싱회육회문수본점,"여서,문수",회/초밥/선어/해산물,https://app.notion.com/p/2ffda158dd2a800a9290e2af9872221f,,b878080708bef825,unknown,,not_registered:null,데이터 부족,사진·주문링크·중복·영업상태 batch 검수 필요
2ffda158dd2a8067bad6c8c600bfc3ba,여수하늘,여수하늘,"여서,문수",카페/디저트/베이커리/아이스크림/빙수,https://app.notion.com/p/2ffda158dd2a8067bad6c8c600bfc3ba,,6739ddf6736ef934,unknown,,not_registered:null,데이터 부족,사진·주문링크·중복·영업상태 batch 검수 필요
2efda158dd2a803d86d0f0dbe18ab96e,여수회포차,여수회포차,"여서,문수",회/초밥/선어/해산물,https://app.notion.com/p/2efda158dd2a803d86d0f0dbe18ab96e,,071664b07428a1d3,unknown,,not_registered:null,데이터 부족,사진·주문링크·중복·영업상태 batch 검수 필요
2f3da158dd2a807896fef5cf31285b37,여정식당 여문점,여정식당여문점,"여서,문수",한식,https://app.notion.com/p/2f3da158dd2a807896fef5cf31285b37,,115416d8f8939ff3,unknown,,not_registered:null,데이터 부족,사진·주문링크·중복·영업상태 batch 검수 필요
2f5da158dd2a8090b143d678b195e5de,역전할머니맥주 봉산점,역전할머니맥주봉산점,봉산동,야식/주점,https://app.notion.com/p/2f5da158dd2a8090b143d678b195e5de,,4e5bc543b1be9f22,unknown,,not_registered:null,데이터 부족,사진·주문링크·중복·영업상태 batch 검수 필요
33dda158dd2a80548615e3334d4f8bac,역전할머니맥주 여수미평점,역전할머니맥주여수미평점,"미평,둔덕",야식/주점,https://app.notion.com/p/33dda158dd2a80548615e3334d4f8bac,,a4eec3c764528112,unknown,,not_registered:null,데이터 부족,사진·주문링크·중복·영업상태 batch 검수 필요
30cda158dd2a807b9128d24f4daefb52,연변양꼬치구이 미평점,연변양꼬치구이미평점,"미평,둔덕",마라탕/양꼬치,https://app.notion.com/p/30cda158dd2a807b9128d24f4daefb52,,9949709e121ff949,unknown,,not_registered:null,데이터 부족,사진·주문링크·중복·영업상태 batch 검수 필요
30cda158dd2a80bd952cea9bf8c64754,오늘은 오므라이스 여수점,오늘은오므라이스여수점,"여서,문수",분식/도시락,https://app.notion.com/p/30cda158dd2a80bd952cea9bf8c64754,,a8218795099e637e,unknown,,not_registered:null,데이터 부족,사진·주문링크·중복·영업상태 batch 검수 필요
2fcda158dd2a80009ef5e42ebcbb8dc0,오븐에꾸운닭 여문점,오븐에꾸운닭여문점,여서/ 문수,치킨,https://app.notion.com/p/2fcda158dd2a80009ef5e42ebcbb8dc0,,48033be58064b50c,unknown,,not_registered:null,데이터 부족,사진·주문링크·중복·영업상태 batch 검수 필요
31eda158dd2a80e1bff9d3ff93e8a277,올떡볶이 여수봉계점,올떡볶이여수봉계점,봉계동,분식/도시락,https://app.notion.com/p/31eda158dd2a80e1bff9d3ff93e8a277,,b05ef0b1b1774d35,unknown,,not_registered:null,데이터 부족,사진·주문링크·중복·영업상태 batch 검수 필요
2ebda158dd2a80259bdfe256ddd5e46c,외계인피자 여수점,외계인피자여수점,"여서,문수",피자,https://app.notion.com/p/2ebda158dd2a80259bdfe256ddd5e46c,,a089d1d54720b48e,unknown,,not_registered:null,데이터 부족,사진·주문링크·중복·영업상태 batch 검수 필요
2ebda158dd2a804cb5b5d68b6877984b,요거트월드 여서점,요거트월드여서점,"여서,문수",카페/디저트/베이커리/아이스크림/빙수,https://app.notion.com/p/2ebda158dd2a804cb5b5d68b6877984b,,3bfcc2140b2e0e0c,unknown,,not_registered:null,데이터 부족,사진·주문링크·중복·영업상태 batch 검수 필요
2f1da158dd2a80e8ab94e77e8ec9d68d,요아정 여수여서점,요아정여수여서점,"여서,문수",카페/디저트/베이커리/아이스크림/빙수,https://app.notion.com/p/2f1da158dd2a80e8ab94e77e8ec9d68d,,b016e6c2fc4217ea,unknown,,not_registered:null,데이터 부족,사진·주문링크·중복·영업상태 batch 검수 필요
2f5da158dd2a80c78293c0146eb4ba6d,요이참치 여수점,요이참치여수점,"여서,문수",회/초밥/선어/해산물,https://app.notion.com/p/2f5da158dd2a80c78293c0146eb4ba6d,,c2aa469b555fbbf7,unknown,,not_registered:null,데이터 부족,사진·주문링크·중복·영업상태 batch 검수 필요
367da158dd2a80da9baaf260969a9892,용우동 여서점,용우동여서점,"여서,문수",한식,https://app.notion.com/p/367da158dd2a80da9baaf260969a9892,,b1995040582014bf,unknown,,not_registered:null,데이터 부족,사진·주문링크·중복·영업상태 batch 검수 필요
2ebda158dd2a808babafd0d6f3b2a664,우정통닭,우정통닭,여서/ 문수,치킨,https://app.notion.com/p/2ebda158dd2a808babafd0d6f3b2a664,,8f4cfdc693976989,unknown,,not_registered:null,데이터 부족,사진·주문링크·중복·영업상태 batch 검수 필요
304da158dd2a80ec9b0ae171783b172b,우쿠야 여수여서점,우쿠야여수여서점,"여서,문수",돈까스/일식,https://app.notion.com/p/304da158dd2a80ec9b0ae171783b172b,,a4aaeb8049d4e9f9,unknown,,not_registered:null,데이터 부족,사진·주문링크·중복·영업상태 batch 검수 필요
2f0da158dd2a807582d8d8106f3df945,원할머니보쌈족발 여수여서점,원할머니보쌈족발여수여서점,"여서,문수",족발/보쌈,https://app.notion.com/p/2f0da158dd2a807582d8d8106f3df945,,b6d8f721f526761f,unknown,,not_registered:null,데이터 부족,사진·주문링크·중복·영업상태 batch 검수 필요
31fda158dd2a80db9bccc1971697c1b0,유림식당,유림식당,"미평,둔덕",한식,https://app.notion.com/p/31fda158dd2a80db9bccc1971697c1b0,,49470f61773e41e2,unknown,,not_registered:null,데이터 부족,사진·주문링크·중복·영업상태 batch 검수 필요
33cda158dd2a8046bd05d2b7f347d832,윤가네 선어,윤가네선어,"여서,문수",회/초밥/선어/해산물,https://app.notion.com/p/33cda158dd2a8046bd05d2b7f347d832,,2fb0f76b3d55052b,unknown,,not_registered:null,데이터 부족,사진·주문링크·중복·영업상태 batch 검수 필요
2f2da158dd2a807c9e2ad69156bf6667,을찌로국물떡볶이 국동점,을찌로국물떡볶이국동점,국동,분식/도시락,https://app.notion.com/p/2f2da158dd2a807c9e2ad69156bf6667,,52aac4b5adef4d89,unknown,,not_registered:null,데이터 부족,사진·주문링크·중복·영업상태 batch 검수 필요
305da158dd2a80588296c776e8eac18f,응큼떡볶이 여수점,응큼떡볶이여수점,"여서,문수",분식/도시락,https://app.notion.com/p/305da158dd2a80588296c776e8eac18f,,c26995210f249627,unknown,,not_registered:null,데이터 부족,사진·주문링크·중복·영업상태 batch 검수 필요
2f2da158dd2a8043938bf162e1838b08,이디야커피 국동점,이디야커피국동점,국동,카페/디저트/베이커리/아이스크림/빙수,https://app.notion.com/p/2f2da158dd2a8043938bf162e1838b08,,e412d7dea107cc59,unknown,,not_registered:null,데이터 부족,사진·주문링크·중복·영업상태 batch 검수 필요
339da158dd2a80cfa0cfd9ffbf01b5db,이모야분식,이모야분식,"여서,문수",분식/도시락,https://app.notion.com/p/339da158dd2a80cfa0cfd9ffbf01b5db,,4ec7dd8e93675267,unknown,,not_registered:null,데이터 부족,사진·주문링크·중복·영업상태 batch 검수 필요
2edda158dd2a807d823bc88d3d6d5ce2,이순신갈비탕(청하대 영빈관) 여서점,이순신갈비탕청하대영빈관여서점,"여서,문수",한식,https://app.notion.com/p/2edda158dd2a807d823bc88d3d6d5ce2,,d5279edb2f6b11c0,unknown,,not_registered:null,데이터 부족,사진·주문링크·중복·영업상태 batch 검수 필요
2ecda158dd2a807788adebabb08ccfbe,인생아구찜 여수문수점,인생아구찜여수문수점,"여서,문수",한식,https://app.notion.com/p/2ecda158dd2a807788adebabb08ccfbe,,11442d3b3328f951,unknown,,not_registered:null,데이터 부족,사진·주문링크·중복·영업상태 batch 검수 필요
2fada158dd2a801fb601c9927ad00204,자담치킨 여수미평점,자담치킨여수미평점,봉계동,치킨,https://app.notion.com/p/2fada158dd2a801fb601c9927ad00204,,75b59b6f39651fc8,unknown,,not_registered:null,데이터 부족,사진·주문링크·중복·영업상태 batch 검수 필요
33cda158dd2a8087aad6e9935bf2c2e8,장충동왕족발 여수점,장충동왕족발여수점,오림동,족발/보쌈,https://app.notion.com/p/33cda158dd2a8087aad6e9935bf2c2e8,,b929bcd743be8b12,unknown,,not_registered:null,데이터 부족,사진·주문링크·중복·영업상태 batch 검수 필요
2edda158dd2a8003bd4cf5300fafc3a2,장충동B&F족발보쌈 여수점,장충동bf족발보쌈여수점,광무동,족발/보쌈,https://app.notion.com/p/2edda158dd2a8003bd4cf5300fafc3a2,,d5a91ccf9edca566,unknown,,not_registered:null,데이터 부족,사진·주문링크·중복·영업상태 batch 검수 필요
2f9da158dd2a80fb96ebe363554a6e44,정남옥 여수점,정남옥여수점,수정동,한식,https://app.notion.com/p/2f9da158dd2a80fb96ebe363554a6e44,,78366e913c324782,unknown,,not_registered:null,데이터 부족,사진·주문링크·중복·영업상태 batch 검수 필요
2f9da158dd2a80ddaeddf601b2271e53,제육대가 여수미평점,제육대가여수미평점,"미평,둔덕",한식,https://app.notion.com/p/2f9da158dd2a80ddaeddf601b2271e53,,7c9ca9471d15acc4,unknown,,not_registered:null,데이터 부족,사진·주문링크·중복·영업상태 batch 검수 필요
349da158dd2a8090a62acadbe3a347ae,제육에 진심을 담아,제육에진심을담아,"여서,문수",한식,https://app.notion.com/p/349da158dd2a8090a62acadbe3a347ae,,f617bdb93ac0246f,unknown,,not_registered:null,데이터 부족,사진·주문링크·중복·영업상태 batch 검수 필요
33ada158dd2a80f188eac6b93e8cd6f7,조선다방 봉계점,조선다방봉계점,봉계동,카페/디저트/베이커리/아이스크림/빙수,https://app.notion.com/p/33ada158dd2a80f188eac6b93e8cd6f7,,0bf8b6178a1596ca,unknown,,not_registered:null,데이터 부족,사진·주문링크·중복·영업상태 batch 검수 필요
31ada158dd2a80e3adc5ca227fad34f0,족발자리,족발자리,"미평,둔덕",족발/보쌈,https://app.notion.com/p/31ada158dd2a80e3adc5ca227fad34f0,,76235bf473121cbe,unknown,,not_registered:null,데이터 부족,사진·주문링크·중복·영업상태 batch 검수 필요
303da158dd2a80f686dffa92a6fae9e3,족팔계왕족발,족팔계왕족발,"여서,문수",족발/보쌈,https://app.notion.com/p/303da158dd2a80f686dffa92a6fae9e3,,eb1005c7067bc9d4,unknown,,not_registered:null,데이터 부족,사진·주문링크·중복·영업상태 batch 검수 필요
301da158dd2a80b8835ed0b91556abb9,주가네김치찌개&찜 여수여서점,주가네김치찌개찜여수여서점,"여서,문수",국밥/찜/탕/찌개/조림,https://app.notion.com/p/301da158dd2a80b8835ed0b91556abb9,,7a01cce02afa8141,unknown,,not_registered:null,데이터 부족,사진·주문링크·중복·영업상태 batch 검수 필요
2fcda158dd2a80ba8fbad2c798d4d7d5,중국관,중국관,"여서,문수",중식,https://app.notion.com/p/2fcda158dd2a80ba8fbad2c798d4d7d5,,295dc97b6abaf2e2,unknown,,not_registered:null,데이터 부족,사진·주문링크·중복·영업상태 batch 검수 필요
2f8da158dd2a80c2b287f29f7ab7bfcc,지코바치킨 미평점,지코바치킨미평점,미평/ 둔덕,치킨,https://app.notion.com/p/2f8da158dd2a80c2b287f29f7ab7bfcc,,fa5bca3967c25462,unknown,,not_registered:null,데이터 부족,사진·주문링크·중복·영업상태 batch 검수 필요
328da158dd2a80499ef3c9522c65b6e3,직화구이 바싹 족발닭발보쌈,직화구이바싹족발닭발보쌈,국동,족발/보쌈,https://app.notion.com/p/328da158dd2a80499ef3c9522c65b6e3,,7f48f499a367b2b8,unknown,,not_registered:null,데이터 부족,사진·주문링크·중복·영업상태 batch 검수 필요
2f2da158dd2a80c19cdbe7f05a77e6ff,쫑포피자 문수점,쫑포피자문수점,"여서,문수",피자,https://app.notion.com/p/2f2da158dd2a80c19cdbe7f05a77e6ff,,7919e0b7f8d5b436,unknown,,not_registered:null,데이터 부족,사진·주문링크·중복·영업상태 batch 검수 필요
2f8da158dd2a80f7a86dcaac1f4df905,찜콩 갈비찜 전문,찜콩갈비찜전문,"여서,문수",한식,https://app.notion.com/p/2f8da158dd2a80f7a86dcaac1f4df905,,01f219eac1bdc294,unknown,,not_registered:null,데이터 부족,사진·주문링크·중복·영업상태 batch 검수 필요
332da158dd2a80a38045d314f4d35062,"착한쭝식 여서점(먹깨비,땡겨요로 주문시 군만두 서비스!!)",착한쭝식여서점먹깨비땡겨요로주문시군만두서비스!!,"여서,문수",중식,https://app.notion.com/p/332da158dd2a80a38045d314f4d35062,,c6568ee1688504c7,unknown,,not_registered:null,데이터 부족,사진·주문링크·중복·영업상태 batch 검수 필요
2fdda158dd2a80e7ab82c5ad30fff882,천화마라탕,천화마라탕,"여서,문수",마라탕/양꼬치,https://app.notion.com/p/2fdda158dd2a80e7ab82c5ad30fff882,,340a17ea324662dc,unknown,,not_registered:null,데이터 부족,사진·주문링크·중복·영업상태 batch 검수 필요
2f6da158dd2a80d78c4cd7e883bfb243,청년다방 여서점,청년다방여서점,"여서,문수",분식/도시락,https://app.notion.com/p/2f6da158dd2a80d78c4cd7e883bfb243,,e456f248cbe542a3,unknown,,not_registered:null,데이터 부족,사진·주문링크·중복·영업상태 batch 검수 필요
2fdda158dd2a807bb6f7e661f7de4ba1,초이커피,초이커피,"여서,문수",카페/디저트/베이커리/아이스크림/빙수,https://app.notion.com/p/2fdda158dd2a807bb6f7e661f7de4ba1,,3d512878922a19db,unknown,,not_registered:null,데이터 부족,사진·주문링크·중복·영업상태 batch 검수 필요
324da158dd2a805f95becc164c45e1b3,촌닭두마리치킨 오림점,촌닭두마리치킨오림점,오림동,치킨,https://app.notion.com/p/324da158dd2a805f95becc164c45e1b3,,884076b36adf9697,unknown,,not_registered:null,데이터 부족,사진·주문링크·중복·영업상태 batch 검수 필요
2f8da158dd2a80d3b820cfc22a66e275,카페 브라운,카페브라운,"여서,문수",카페/디저트/베이커리/아이스크림/빙수,https://app.notion.com/p/2f8da158dd2a80d3b820cfc22a66e275,,dddc8ea5032e3c62,unknown,,not_registered:null,데이터 부족,사진·주문링크·중복·영업상태 batch 검수 필요
2f5da158dd2a800798b5c885dd128d7c,카페인,카페인,"교동, 중앙동",카페/디저트/베이커리/아이스크림/빙수,https://app.notion.com/p/2f5da158dd2a800798b5c885dd128d7c,,fa0bccb2d190a7c0,unknown,,not_registered:null,데이터 부족,사진·주문링크·중복·영업상태 batch 검수 필요
2eada158dd2a8018b679e3cd24bed8fd,커피샵붕어빵,커피샵붕어빵,"미평, 둔덕동",카페/디저트/베이커리/아이스크림/빙수,https://app.notion.com/p/2eada158dd2a8018b679e3cd24bed8fd,,9af017d533d36ab4,unknown,,not_registered:null,데이터 부족,사진·주문링크·중복·영업상태 batch 검수 필요
305da158dd2a80838fd4d7f52282e7d4,커피어클락,커피어클락,오림동,카페/디저트/베이커리/아이스크림/빙수,https://app.notion.com/p/305da158dd2a80838fd4d7f52282e7d4,,478795eb80081c91,unknown,,not_registered:null,데이터 부족,사진·주문링크·중복·영업상태 batch 검수 필요
2f9da158dd2a8022b162ea131682ef34,컬투치킨 여수점,컬투치킨여수점,수정동,치킨,https://app.notion.com/p/2f9da158dd2a8022b162ea131682ef34,,9a494eae325155d9,unknown,,not_registered:null,데이터 부족,사진·주문링크·중복·영업상태 batch 검수 필요
324da158dd2a801493cced68d6e4bb5f,컴포즈커피 여수문수광장점,컴포즈커피여수문수광장점,"여서,문수",카페/디저트/베이커리/아이스크림/빙수,https://app.notion.com/p/324da158dd2a801493cced68d6e4bb5f,,2cddfb9ee60f0d7b,unknown,,not_registered:null,데이터 부족,사진·주문링크·중복·영업상태 batch 검수 필요
2fada158dd2a809e98bdd274c050a3f1,컴포즈커피 여수여서점,컴포즈커피여수여서점,"여서,문수",카페/디저트/베이커리/아이스크림/빙수,https://app.notion.com/p/2fada158dd2a809e98bdd274c050a3f1,,68360b2d1b0e6457,unknown,,not_registered:null,데이터 부족,사진·주문링크·중복·영업상태 batch 검수 필요
319da158dd2a8048b165c3f3f91e5366,케이키팩토리,케이키팩토리,봉계동,카페/디저트/베이커리/아이스크림/빙수,https://app.notion.com/p/319da158dd2a8048b165c3f3f91e5366,,5b408dab11c7b1dd,unknown,,not_registered:null,데이터 부족,사진·주문링크·중복·영업상태 batch 검수 필요
2f0da158dd2a809e8f58d9c2b88db105,콩불 여수중앙점,콩불여수중앙점,"교동, 중앙동",한식,https://app.notion.com/p/2f0da158dd2a809e8f58d9c2b88db105,,8d9df0fbb77ce9eb,unknown,,not_registered:null,데이터 부족,사진·주문링크·중복·영업상태 batch 검수 필요
2f7da158dd2a802d9cf8c581ccfbb4bf,킹콩부대찌개 여수점,킹콩부대찌개여수점,"미평,둔덕",한식,https://app.notion.com/p/2f7da158dd2a802d9cf8c581ccfbb4bf,,04036067da3dde5f,unknown,,not_registered:null,데이터 부족,사진·주문링크·중복·영업상태 batch 검수 필요
2e9da158dd2a8052bda7fd6e1c435ace,탕화쿵푸마라탕 여서점,탕화쿵푸마라탕여서점,"여서,문수",마라탕/양꼬치,https://app.notion.com/p/2e9da158dd2a8052bda7fd6e1c435ace,,ba7577041d64a394,unknown,,not_registered:null,데이터 부족,사진·주문링크·중복·영업상태 batch 검수 필요
2fcda158dd2a8099aa08c4b61436e6e1,테그42 여수관문점,테그42여수관문점,관문동,햄버거/샌드위치/토스트/핫도그,https://app.notion.com/p/2fcda158dd2a8099aa08c4b61436e6e1,,fe09f5cbf190ca3d,unknown,,not_registered:null,데이터 부족,사진·주문링크·중복·영업상태 batch 검수 필요
2f2da158dd2a807d90a3eccd02176425,틈 돈까스 미평점,틈돈까스미평점,"미평,둔덕",돈까스/일식,https://app.notion.com/p/2f2da158dd2a807d90a3eccd02176425,,d9730ed96e5fbd9a,unknown,,not_registered:null,데이터 부족,사진·주문링크·중복·영업상태 batch 검수 필요
2f0da158dd2a800a8208cf321c95487c,포포샌드,포포샌드,국동,햄버거/샌드위치/토스트/핫도그,https://app.notion.com/p/2f0da158dd2a800a8208cf321c95487c,,6620c4ab87f00e86,unknown,,not_registered:null,데이터 부족,사진·주문링크·중복·영업상태 batch 검수 필요
2ecda158dd2a805ba42dee4648570090,푸라닭치킨 여수문수점,푸라닭치킨여수문수점,여서/ 문수,치킨,https://app.notion.com/p/2ecda158dd2a805ba42dee4648570090,,9846929c4427576a,unknown,,not_registered:null,데이터 부족,사진·주문링크·중복·영업상태 batch 검수 필요
2fada158dd2a800ab2fdd65e5737881c,푸줏간 고기도시락 여수문수점,푸줏간고기도시락여수문수점,"여서,문수",분식/도시락,https://app.notion.com/p/2fada158dd2a800ab2fdd65e5737881c,,0a231139875a51cc,unknown,,not_registered:null,데이터 부족,사진·주문링크·중복·영업상태 batch 검수 필요
2e5da158dd2a803f8e6cc7d29e2d7258,프랭크버거 미평점,프랭크버거미평점,"미평,둔덕",햄버거/샌드위치/토스트/핫도그,https://app.notion.com/p/2e5da158dd2a803f8e6cc7d29e2d7258,,f8a71a5a2344ee7f,unknown,,not_registered:null,데이터 부족,사진·주문링크·중복·영업상태 batch 검수 필요
2f0da158dd2a80cda498f2a77115761e,피나치공 국동점,피나치공국동점,국동,치킨,https://app.notion.com/p/2f0da158dd2a80cda498f2a77115761e,,1d0648282bdf1385,unknown,,not_registered:null,데이터 부족,사진·주문링크·중복·영업상태 batch 검수 필요
354da158dd2a80d9ad76c8718ac4ffc2,피자나라치킨공주 여서점,피자나라치킨공주여서점,"여서,문수",피자,https://app.notion.com/p/354da158dd2a80d9ad76c8718ac4ffc2,,d77bf57a99d5a355,unknown,,not_registered:null,데이터 부족,사진·주문링크·중복·영업상태 batch 검수 필요
316da158dd2a8089a70ee2f3da3c0939,피자스쿨  미평점,피자스쿨미평점,"미평,둔덕",피자,https://app.notion.com/p/316da158dd2a8089a70ee2f3da3c0939,,d696a7c25651c706,unknown,,not_registered:null,데이터 부족,사진·주문링크·중복·영업상태 batch 검수 필요
2ecda158dd2a80b9be29d52d2d66b287,피자스쿨 여문점,피자스쿨여문점,"여서,문수",피자,https://app.notion.com/p/2ecda158dd2a80b9be29d52d2d66b287,,abb76aa470e26f7a,unknown,,not_registered:null,데이터 부족,사진·주문링크·중복·영업상태 batch 검수 필요
36cda158dd2a80009ceacd3aa806c084,피자프렌드 미평점,피자프렌드미평점,"미평,둔덕",피자,https://app.notion.com/p/36cda158dd2a80009ceacd3aa806c084,,9f89e6d7784cf4a2,unknown,,not_registered:null,데이터 부족,사진·주문링크·중복·영업상태 batch 검수 필요
339da158dd2a80cca07cfeee0e12efcc,하나옛날통닭 문수점,하나옛날통닭문수점,여서/ 문수,치킨,https://app.notion.com/p/339da158dd2a80cca07cfeee0e12efcc,,13c8e99cd1a7d7a1,unknown,,not_registered:null,데이터 부족,사진·주문링크·중복·영업상태 batch 검수 필요
2f5da158dd2a80ed9cd8f847b939e773,하이오커피 여수교동점,하이오커피여수교동점,"교동, 중앙동",카페/디저트/베이커리/아이스크림/빙수,https://app.notion.com/p/2f5da158dd2a80ed9cd8f847b939e773,,c87b8aa579b69ea1,unknown,,not_registered:null,데이터 부족,사진·주문링크·중복·영업상태 batch 검수 필요
339da158dd2a80419555d4f54dae25f4,한솥도시락 여수전남대점,한솥도시락여수전남대점,"미평,둔덕",분식/도시락,https://app.notion.com/p/339da158dd2a80419555d4f54dae25f4,,e73b3aae78840798,unknown,,not_registered:null,데이터 부족,사진·주문링크·중복·영업상태 batch 검수 필요
2ecda158dd2a80898240d2cf0154d791,향미진짬뽕,향미진짬뽕,"여서,문수",중식,https://app.notion.com/p/2ecda158dd2a80898240d2cf0154d791,,91622c10687d56dd,unknown,,not_registered:null,데이터 부족,사진·주문링크·중복·영업상태 batch 검수 필요
2efda158dd2a80538ba1d02c087b1a32,호미스피자 여수점,호미스피자여수점,"여서,문수",피자,https://app.notion.com/p/2efda158dd2a80538ba1d02c087b1a32,,36419c4127ce96c4,unknown,,not_registered:null,데이터 부족,사진·주문링크·중복·영업상태 batch 검수 필요
2f1da158dd2a8072bcf7e0a73bd5f499,호식이두마리치킨 국동점,호식이두마리치킨국동점,국동,치킨,https://app.notion.com/p/2f1da158dd2a8072bcf7e0a73bd5f499,,23f9cb364b06cd44,unknown,,not_registered:null,데이터 부족,사진·주문링크·중복·영업상태 batch 검수 필요
2f0da158dd2a8025beb6eb4184e1c7bb,홍콩반점0410 여수문수점,홍콩반점0410여수문수점,"여서,문수",중식,https://app.notion.com/p/2f0da158dd2a8025beb6eb4184e1c7bb,,1ed1cc571c81df01,unknown,,not_registered:null,데이터 부족,사진·주문링크·중복·영업상태 batch 검수 필요
303da158dd2a800e8eede36b42da8ed8,황금마차,황금마차,"여서,문수",회/초밥/선어/해산물,https://app.notion.com/p/303da158dd2a800e8eede36b42da8ed8,,4597954f924a4979,unknown,,not_registered:null,데이터 부족,사진·주문링크·중복·영업상태 batch 검수 필요
318da158dd2a80ee89f0df6834bffd90,황금아구 미평점,황금아구미평점,"미평,둔덕",한식,https://app.notion.com/p/318da158dd2a80ee89f0df6834bffd90,,6390834d3238c3eb,unknown,,not_registered:null,데이터 부족,사진·주문링크·중복·영업상태 batch 검수 필요
2f2da158dd2a804b8594cccfda46e39a,회먹다,회먹다,"여서,문수",회/초밥/선어/해산물,https://app.notion.com/p/2f2da158dd2a804b8594cccfda46e39a,,9ad90be6a8c96862,unknown,,not_registered:null,데이터 부족,사진·주문링크·중복·영업상태 batch 검수 필요
2f2da158dd2a803d97aacb2300fcd64a,휴게소 여수여서점,휴게소여수여서점,"여서,문수",카페/디저트/베이커리/아이스크림/빙수,https://app.notion.com/p/2f2da158dd2a803d97aacb2300fcd64a,,88e2280b30ca6286,unknown,,not_registered:null,데이터 부족,사진·주문링크·중복·영업상태 batch 검수 필요
