notion_page_id,notion_store_name,proposed_store_id,neighborhood,category,photo_match_type,photo_source,photo_path_or_asset_id,notion_url,route_count,existing_canonical_match,duplicate_status,recovery_decision,unresolved_reason
302da158dd2a805d987ff151d2d67239,1인피자 미니8 여수점,14feb7cbd67ef7e2,"여서,문수",피자,exact-notion-page-photo,Notion 고유 페이지 커버,attachment:3347800d-d030-41a9-a38c-10cc42dc2d45:1.png,https://app.notion.com/p/302da158dd2a805d987ff151d2d67239,6,,unique-notion-store,restore-approved,
2feda158dd2a80a08084f21217d8ac0b,1인피자 피자먹다 여수여서점,068b2ae8fe32874a,"여서,문수",피자,exact-notion-page-photo,Notion 고유 페이지 커버,attachment:0a7fb003-bde1-4d79-8ec2-e99102d38a54:1.png,https://app.notion.com/p/2feda158dd2a80a08084f21217d8ac0b,3,,unique-notion-store,restore-approved,
301da158dd2a80c1b659f0645bd2402a,60계치킨 여수미평점,fb798d3119a28415,미평/ 둔덕,치킨,exact-notion-page-photo,Notion 고유 페이지 커버,attachment:6a0a2dbf-149a-4b5b-bda9-a8c2ac02c0a8:노션1.png,https://app.notion.com/p/301da158dd2a80c1b659f0645bd2402a,1,,unique-notion-store,restore-approved,
2edda158dd2a80fda362ebecdffc1327,60계치킨 여수여서문수점,39f3c8acab504b00,여서/ 문수,치킨,approved-brand-shared-photo,승인 브랜드 공용사진 풀 (60계치킨),assets/store-photos/af8b15c5b69a94/01.webp,https://app.notion.com/p/2edda158dd2a80fda362ebecdffc1327,5,,unique-notion-store,restore-approved,
2fcda158dd2a8003bd46c55e388d5fc7,88시장버거 여수신월점,f0f1211ec16d7730,신월동,햄버거/샌드위치/토스트/핫도그,exact-notion-page-photo,Notion 고유 페이지 커버,attachment:73df004c-6d07-4bda-8bc4-6c181bfe6ae0:노션메인.png,https://app.notion.com/p/2fcda158dd2a8003bd46c55e388d5fc7,1,,unique-notion-store,restore-approved,
2f3da158dd2a808e97dcc2d9bf2e8fe8,가마치통닭 여서점,361f855efc21c1c2,여서/ 문수,치킨,exact-notion-page-photo,Notion 고유 페이지 커버,attachment:47c7a590-f4c9-4fde-be95-b3516a992fdf:1.jpg,https://app.notion.com/p/2f3da158dd2a808e97dcc2d9bf2e8fe8,4,,unique-notion-store,restore-approved,
2f3da158dd2a80868529f3a160d8fdc1,가마치통닭 여수전남대점,0f82d1d73f86371d,미평/ 둔덕,치킨,exact-notion-page-photo,Notion 고유 페이지 커버,attachment:8b84aafb-a9d2-4374-aff2-64d085f2c414:노션메인.jpg,https://app.notion.com/p/2f3da158dd2a80868529f3a160d8fdc1,1,,unique-notion-store,restore-approved,
2fdda158dd2a80438ef8d74a949733e2,감탄떡볶이 문수점,7432d966de3f75ab,"여서,문수",분식/도시락,exact-notion-page-photo,Notion 고유 페이지 커버,attachment:0a293ede-dd39-4769-a321-8bee6db1e3b0:11.png,https://app.notion.com/p/2fdda158dd2a80438ef8d74a949733e2,6,,unique-notion-store,restore-approved,
302da158dd2a8032b317e4e3c155af5f,계근상 여수본점(문수동),e57c51a4f6294349,"여서,문수",한식,exact-notion-page-photo,Notion 고유 페이지 커버,attachment:0579d09a-9122-4c34-a534-950ed9b16e8b:1.png,https://app.notion.com/p/302da158dd2a8032b317e4e3c155af5f,4,,unique-notion-store,restore-approved,
2ebda158dd2a80beb547c45a55f2f721,"계동치킨 여문점(먹깨비,땡겨요로 주문시 음료스 서비스)",6d48c7e2bca79c18,여서/ 문수,치킨,exact-notion-page-photo,Notion 고유 페이지 커버,attachment:2de6ba27-2729-48f8-987c-e86a5f860890:KakaoTalk_20260117_122216767_08.jpg,https://app.notion.com/p/2ebda158dd2a80beb547c45a55f2f721,4,,unique-notion-store,restore-approved,
31fda158dd2a8090854fcb00c928888a,국민학교,f7385d8006310630,"미평,둔덕",회/초밥/선어/해산물,exact-notion-page-photo,Notion 고유 페이지 커버,attachment:43b61922-6424-4be3-945b-1250f6e4138e:1.png,https://app.notion.com/p/31fda158dd2a8090854fcb00c928888a,4,,unique-notion-store,restore-approved,
31eda158dd2a80aba8d2c7139259b8b3,굽네치킨&피자 문수점,f6d0e57091aa21ab,여서/ 문수,치킨,exact-notion-page-photo,Notion 고유 페이지 커버,attachment:da40e844-bd07-4198-a061-cdcc58805fd2:1.jpg,https://app.notion.com/p/31eda158dd2a80aba8d2c7139259b8b3,4,,unique-notion-store,restore-approved,
2f6da158dd2a8092a251ca7553a34391,굽네치킨&피자 여수미평점,0836fdf722805702,미평/ 둔덕,치킨,exact-notion-page-photo,Notion 고유 페이지 커버,attachment:a600651b-a441-4854-b98e-4bdb20cd8e52:1.jpg,https://app.notion.com/p/2f6da158dd2a8092a251ca7553a34391,1,,unique-notion-store,restore-approved,
324da158dd2a8032b82de778963b1c31,금성칡냉면 미평점,895a9425dc41ddf7,미평/ 둔덕,면요리,exact-notion-page-photo,Notion 고유 페이지 커버,attachment:89099117-6954-429d-ad06-2a356e134735:2.png,https://app.notion.com/p/324da158dd2a8032b82de778963b1c31,6,,unique-notion-store,restore-approved,
2feda158dd2a809497e3e1e121c61095,금쪽갈비 여수점,450eb70e506c2de9,"여서,문수",한식,exact-notion-page-photo,Notion 고유 페이지 커버,attachment:4492762e-3fb4-4074-92c3-d04297e6788a:1.png,https://app.notion.com/p/2feda158dd2a809497e3e1e121c61095,4,,unique-notion-store,restore-approved,
2f0da158dd2a8098be41d7cd78bd8836,기영이 숯불두마리치킨 여수여서점,f499191f0f57acc7,여서/ 문수,치킨,exact-notion-page-photo,Notion 고유 페이지 커버,attachment:0aa992dd-7768-4f25-b67e-407b8eeeb4f1:노션1.png,https://app.notion.com/p/2f0da158dd2a8098be41d7cd78bd8836,5,,unique-notion-store,restore-approved,
34bda158dd2a801a9f9ef1379ac363d0,김종구식 맛치킨 전기바베큐 옛날통닭 여서점,888abbb8bf28aa2f,여서/ 문수,치킨,exact-notion-page-photo,Notion 고유 페이지 커버,attachment:18d5572d-ae7a-428e-9361-b637897b136a:KakaoTalk_20260430_174132053.jpg,https://app.notion.com/p/34bda158dd2a801a9f9ef1379ac363d0,4,,unique-notion-store,restore-approved,
33eda158dd2a80cbab23f137202a5b35,김치찜은 못참지 미평점,cb6098165692c227,"미평,둔덕",한식,exact-notion-page-photo,Notion 고유 페이지 커버,attachment:ca002ba5-7efc-4b82-905a-f8168840e4ed:KakaoTalk_20251201_133223302_02.jpg,https://app.notion.com/p/33eda158dd2a80cbab23f137202a5b35,1,,unique-notion-store,restore-approved,
2feda158dd2a80588801f5bca8c0e621,까치식당 문수점,ec69425551829f69,"여서,문수",한식,exact-notion-page-photo,Notion 고유 페이지 커버,attachment:5d8879da-5ead-452f-a434-10093f5da9d0:1.png,https://app.notion.com/p/2feda158dd2a80588801f5bca8c0e621,4,,unique-notion-store,restore-approved,
36eda158dd2a80f7b6b1fdcc7ce44fed,나도국밥 오림점,088abdb69cb8a6a2,오림동,한식,exact-notion-page-photo,Notion 고유 페이지 커버,attachment:b6a2f238-f12b-4f82-b272-09d554167d9d:KakaoTalk_20260529_084335998_02.jpg,https://app.notion.com/p/36eda158dd2a80f7b6b1fdcc7ce44fed,1,,unique-notion-store,restore-approved,
2fcda158dd2a80adb0d2d8245be21c35,내조국 국밥 여수관문점,10b54f62f36e9854,관문동,한식,exact-notion-page-photo,Notion 고유 페이지 커버,attachment:597729f9-8a5c-412f-89e6-0636bcf688f4:노션메인.png,https://app.notion.com/p/2fcda158dd2a80adb0d2d8245be21c35,1,,unique-notion-store,restore-approved,
34bda158dd2a80fab341c964971a8f6d,내조국 국밥 터미널점,446987616ddf6443,오림동,한식,exact-notion-page-photo,Notion 고유 페이지 커버,attachment:5964dd4b-ceea-44bd-9ec9-fa085348fa06:KakaoTalk_20251231_070455529_13.jpg,https://app.notion.com/p/34bda158dd2a80fab341c964971a8f6d,1,,unique-notion-store,restore-approved,
31ada158dd2a80da822de9b634706871,네네치킨 둔덕미평점,884d23981fd2429a,미평/ 둔덕,치킨,exact-notion-page-photo,Notion 고유 페이지 커버,attachment:3e5443db-fd01-41ab-b33c-b54a308c5e86:노션2.png,https://app.notion.com/p/31ada158dd2a80da822de9b634706871,3,,unique-notion-store,restore-approved,
2f4da158dd2a80c39bbdea4906cdeda2,노랑통닭 여수봉산점,a93abf2f62c2dd79,봉산동,치킨,exact-notion-page-photo,Notion 고유 페이지 커버,attachment:b126059a-2384-4bd6-b213-9208f13d6055:노션2.png,https://app.notion.com/p/2f4da158dd2a80c39bbdea4906cdeda2,2,,unique-notion-store,restore-approved,
2e8da158dd2a80918a58f7940a734d03,늘 커피,83efed7d2768d111,봉산동,카페/디저트/베이커리/아이스크림/빙수,exact-notion-page-photo,Notion 고유 페이지 커버,attachment:de28b782-2a30-4f76-9386-60aa20173d55:KakaoTalk_20251124_020724334_05.jpg,https://app.notion.com/p/2e8da158dd2a80918a58f7940a734d03,4,,unique-notion-store,restore-approved,
304da158dd2a80c08d73ce23e9f0d2bb,다기야치킨 여문점,0d3062d5a5b94697,여서/ 문수,치킨,exact-notion-page-photo,Notion 고유 페이지 커버,attachment:49b0fc01-d83f-4077-8ff3-2b07a81463e5:노션1.png,https://app.notion.com/p/304da158dd2a80c08d73ce23e9f0d2bb,4,,unique-notion-store,restore-approved,
31ada158dd2a807290efd0e6d658e742,다정아구 미평,9e0a2da7ddfa3d93,"미평,둔덕",한식,exact-notion-page-photo,Notion 고유 페이지 커버,attachment:28f41127-4958-43d1-8289-c53e97e1dd1f:1.png,https://app.notion.com/p/31ada158dd2a807290efd0e6d658e742,4,,unique-notion-store,restore-approved,
300da158dd2a8092a711d50955fa4905,닭가대표 숯불직화구이치킨 여수대표점,8a219b158c321627,여서/ 문수,치킨,exact-notion-page-photo,Notion 고유 페이지 커버,attachment:3c96960b-b560-45b1-9775-8d613818fc5a:1.png,https://app.notion.com/p/300da158dd2a8092a711d50955fa4905,4,,unique-notion-store,restore-approved,
2f9da158dd2a806c88cbfc1d1c727bff,당빙땡 여수점,eb850ecfb17945a7,"여서,문수",카페/디저트/베이커리/아이스크림/빙수,exact-notion-page-photo,Notion 고유 페이지 커버,attachment:d5531cfa-ac58-42d8-aa9a-3f3697e57334:노션2.png,https://app.notion.com/p/2f9da158dd2a806c88cbfc1d1c727bff,1,,unique-notion-store,restore-approved,
2feda158dd2a80c080a2fe42842ec53c,대박난쪽갈비 여수점,f31d8c5f04fb7b79,"여서,문수",한식,exact-notion-page-photo,Notion 고유 페이지 커버,attachment:ba99f701-961c-4332-b09b-178cfe7f60f5:1.png,https://app.notion.com/p/2feda158dd2a80c080a2fe42842ec53c,4,,unique-notion-store,restore-approved,
2e7da158dd2a80bd83f4fcd09685bf79,대박삼겹김치찜,5fd5f9ecd8251999,봉강동,한식,exact-notion-page-photo,Notion 고유 페이지 커버,attachment:89f72b32-7c56-4048-873a-71105e3a6535:노션메인사진수정.png,https://app.notion.com/p/2e7da158dd2a80bd83f4fcd09685bf79,4,,unique-notion-store,restore-approved,
31fda158dd2a80a0a743c316f08c0990,대정식당 미평점,406b4a0b39f729fc,"미평,둔덕",한식,exact-notion-page-photo,Notion 고유 페이지 커버,attachment:09335088-3bce-4f04-889e-382f7f59222e:1.png,https://app.notion.com/p/31fda158dd2a80a0a743c316f08c0990,4,,unique-notion-store,restore-approved,
300da158dd2a8062b63cde87c4415628,대패가1900 문수점,dabbebff4fca3c56,"여서,문수",한식,exact-notion-page-photo,Notion 고유 페이지 커버,attachment:ace51804-04f3-4bf9-82df-05ac0d451552:1.png,https://app.notion.com/p/300da158dd2a8062b63cde87c4415628,4,,unique-notion-store,restore-approved,
2f9da158dd2a80ceaedbf08f4d41c7b3,더벤티 미평점,452526604d3b10c4,"미평, 둔덕동",카페/디저트/베이커리/아이스크림/빙수,exact-notion-page-photo,Notion 고유 페이지 커버,attachment:9661358a-b6c2-45c6-9c7b-99c045ea0614:1.jpg,https://app.notion.com/p/2f9da158dd2a80ceaedbf08f4d41c7b3,2,,unique-notion-store,restore-approved,
2f5da158dd2a8098a5b6ccd63e5f290a,더벤티 여수국동항점,9ee73ce6168105ec,국동,카페/디저트/베이커리/아이스크림/빙수,approved-brand-shared-photo,승인 브랜드 공용사진 풀 (더벤티),assets/store-photos/e982b7aa80a2e4/02.webp,https://app.notion.com/p/2f5da158dd2a8098a5b6ccd63e5f290a,0,,unique-notion-store,restore-approved,
30cda158dd2a808e8039fb581cc41616,덮덮밥 미평점,45dc9cf61ba55263,"미평,둔덕",한식,exact-notion-page-photo,Notion 고유 페이지 커버,attachment:018bc491-8bbf-4354-8d10-420d292bb26c:1.png,https://app.notion.com/p/30cda158dd2a808e8039fb581cc41616,5,,unique-notion-store,restore-approved,
348da158dd2a80898963f36f575a8cf7,도란도란,8cf43f95e569fe29,신기동,카페/디저트/베이커리/아이스크림/빙수,exact-notion-page-photo,Notion 고유 페이지 커버,attachment:833b026c-a895-4a1b-a881-61a261f66d38:KakaoTalk_20260421_074836046_04.jpg,https://app.notion.com/p/348da158dd2a80898963f36f575a8cf7,1,,unique-notion-store,restore-approved,
2eada158dd2a80518569cfdb0e2f6404,도미노피자 문수점,dc638b23f8cf3c5b,"여서,문수",피자,exact-notion-page-photo,Notion 고유 페이지 커버,attachment:2a72f6c1-ee76-4de8-9867-f27018c3b8ea:노션1.png,https://app.notion.com/p/2eada158dd2a80518569cfdb0e2f6404,3,,unique-notion-store,restore-approved,
2fcda158dd2a80efb2a1c94087ebe615,돈치킨 여수둔덕봉계점,1ecbe36dd1efafed,봉계동,치킨,exact-notion-page-photo,Notion 고유 페이지 커버,attachment:9b2ce695-6198-40f8-961e-f95aa23f1d11:2.jpg,https://app.notion.com/p/2fcda158dd2a80efb2a1c94087ebe615,6,,unique-notion-store,restore-approved,
367da158dd2a809abbd0eb33c9656a03,두찜 여수 봉계점,9fb6e32d9f70edc1,봉계동,한식,exact-notion-page-photo,Notion 고유 페이지 커버,attachment:a6af7212-5eda-4869-8e7f-bd29364cad17:노션1.png,https://app.notion.com/p/367da158dd2a809abbd0eb33c9656a03,1,,unique-notion-store,restore-approved,
2f0da158dd2a804cb0ddde0367597df0,두찜 여수국동점,2dda90913b0b1a4c,국동,한식,exact-notion-page-photo,Notion 고유 페이지 커버,attachment:33372441-3aeb-43e6-a4f2-58cf20a81eec:KakaoTalk_20251128_112149163_15.jpg,https://app.notion.com/p/2f0da158dd2a804cb0ddde0367597df0,5,,unique-notion-store,restore-approved,
301da158dd2a80b1ab50e69357f296ab,등뼈감자탕 미평점,996f54c7c66ec979,"미평,둔덕",한식,exact-notion-page-photo,Notion 고유 페이지 커버,attachment:7c96913e-37fa-4861-81b3-9a457593ff87:노션메인.png,https://app.notion.com/p/301da158dd2a80b1ab50e69357f296ab,1,,unique-notion-store,restore-approved,
318da158dd2a8085b930f449ce74776f,뚜레쥬르 여수미평점,d6602c793047b361,"미평, 둔덕동",카페/디저트/베이커리/아이스크림/빙수,exact-notion-page-photo,Notion 고유 페이지 커버,attachment:f32d8e39-8e5d-4736-847c-22ee6414395d:1.png,https://app.notion.com/p/318da158dd2a8085b930f449ce74776f,5,,unique-notion-store,restore-approved,
34bda158dd2a80aa877be5feac2193da,뚜레쥬르 여수여서점,30d2edbcabcca6ec,"여서,문수",카페/디저트/베이커리/아이스크림/빙수,exact-notion-page-photo,Notion 고유 페이지 커버,attachment:1d8042fc-44e2-4572-835c-49a5adf301d7:1.png,https://app.notion.com/p/34bda158dd2a80aa877be5feac2193da,6,,unique-notion-store,restore-approved,
2ecda158dd2a800e8adfe09d815aac8c,라홍방마라탕 문수점,3a6078da746f1953,"여서,문수",마라탕/양꼬치,exact-notion-page-photo,Notion 고유 페이지 커버,attachment:a0d3da2b-4ed1-4bc8-b5b7-de900b77eb9a:KakaoTalk_20260118_155404654_04.jpg,https://app.notion.com/p/2ecda158dd2a800e8adfe09d815aac8c,4,,unique-notion-store,restore-approved,
2f6da158dd2a807d8350c394a649db09,라홍방마라탕 여수미평점,cfe1c17e1840e7d3,"미평,둔덕",마라탕/양꼬치,exact-notion-page-photo,Notion 고유 페이지 커버,attachment:359ff2f7-13ab-4eb9-bc30-ef37df13f965:메인1.jpg,https://app.notion.com/p/2f6da158dd2a807d8350c394a649db09,1,,unique-notion-store,restore-approved,
2feda158dd2a801da0b0d8d6f42a61f1,롤링파스타 여서점,f7167d017e7368e7,여서/ 문수,면요리,exact-notion-page-photo,Notion 고유 페이지 커버,attachment:f38b58cd-90e8-4658-80f7-c1aa7fcec234:1.png,https://app.notion.com/p/2feda158dd2a801da0b0d8d6f42a61f1,6,,unique-notion-store,restore-approved,
2e7da158dd2a80dca81ec893c6d1f60b,롯데리아 국동점,cabd6b395f6099e2,국동,햄버거/샌드위치/토스트/핫도그,exact-notion-page-photo,Notion 고유 페이지 커버,attachment:067e13a0-69c0-4991-bbd0-4c08d2a4b12b:노션메인사진수정.jpg,https://app.notion.com/p/2e7da158dd2a80dca81ec893c6d1f60b,4,,unique-notion-store,restore-approved,
2e8da158dd2a80528750d501658159bd,롯데리아 이마트점,e0c6949efb48f4b2,오림동,햄버거/샌드위치/토스트/핫도그,exact-notion-page-photo,Notion 고유 페이지 커버,attachment:82554cf1-7a9d-4c07-aa73-eb1ffc6d88ff:KakaoTalk_20251208_004711379.jpg,https://app.notion.com/p/2e8da158dd2a80528750d501658159bd,4,,unique-notion-store,restore-approved,
2e6da158dd2a80f4bd73dd5a5c762fef,롯데리아 중앙점,6092aabddf5f7194,"교동, 중앙동",햄버거/샌드위치/토스트/핫도그,exact-notion-page-photo,Notion 고유 페이지 커버,attachment:bf754b46-1ab4-484c-a9a1-8ffc38ecdf4a:노션1.png,https://app.notion.com/p/2e6da158dd2a80f4bd73dd5a5c762fef,3,,unique-notion-store,restore-approved,
305da158dd2a809db4f1f9fa54f5c3ea,리얼펍살얼음맥주 여수문수점,2bd8ea8779f87995,"여서,문수",야식/주점,exact-notion-page-photo,Notion 고유 페이지 커버,attachment:cfd4c796-535a-4012-8feb-71f7b11ebcdb:1.png,https://app.notion.com/p/305da158dd2a809db4f1f9fa54f5c3ea,6,,unique-notion-store,restore-approved,
323da158dd2a801ca3a6fe9161851afe,"린차이나(먹깨비,땡겨요로 주문시 만두 서비스!!!)",27ea3ca86eab89ec,"여서,문수",중식,exact-notion-page-photo,Notion 고유 페이지 커버,attachment:840a65aa-c7ea-47c1-934c-3e7f19d7330b:1.png,https://app.notion.com/p/323da158dd2a801ca3a6fe9161851afe,4,,unique-notion-store,restore-approved,
2e9da158dd2a8076bb67ef65db184ca0,마선생 얼큰국밥,ce5dccb3d6031316,"여서,문수",한식,exact-notion-page-photo,Notion 고유 페이지 커버,attachment:8ad4fde8-4922-4d29-871e-3bc3ca97870c:KakaoTalk_20251119_145420755_11.jpg,https://app.notion.com/p/2e9da158dd2a8076bb67ef65db184ca0,3,,unique-notion-store,restore-approved,
2ebda158dd2a8015b97ec8a11e9af6ab,맘스터치 문수점,10db3b0db6ebf8c5,"여서,문수",햄버거/샌드위치/토스트/핫도그,exact-notion-page-photo,Notion 고유 페이지 커버,attachment:c729c0a4-4df6-4669-afc0-16416ad236fb:KakaoTalk_20251127_045006997_05.jpg,https://app.notion.com/p/2ebda158dd2a8015b97ec8a11e9af6ab,3,,unique-notion-store,restore-approved,
2f9da158dd2a8013b034f1ffae05e8f9,맘스터치 여수미평점,1d729c41283c6026,"미평,둔덕",햄버거/샌드위치/토스트/핫도그,exact-notion-page-photo,Notion 고유 페이지 커버,attachment:e57e93e4-5039-47b1-939a-cb7aa3c1aef8:1.jpg,https://app.notion.com/p/2f9da158dd2a8013b034f1ffae05e8f9,1,,unique-notion-store,restore-approved,
31fda158dd2a803db0f0ea4cf62ff37a,맛집남도밀면,039652f6eff5f6d7,미평/ 둔덕,면요리,exact-notion-page-photo,Notion 고유 페이지 커버,attachment:8d51e1fc-3ab3-4e91-9b77-9e67b77fc85b:1.png,https://app.notion.com/p/31fda158dd2a803db0f0ea4cf62ff37a,4,,unique-notion-store,restore-approved,
34bda158dd2a801d8ec7db274e13e0f0,미미꼬마김밥 여서점,92c0c6cc2688ef0d,"여서,문수",분식/도시락,exact-notion-page-photo,Notion 고유 페이지 커버,attachment:19f2ebd7-ddd3-40d2-952f-3d554da8727a:1.png,https://app.notion.com/p/34bda158dd2a801d8ec7db274e13e0f0,6,,unique-notion-store,restore-approved,
2ffda158dd2a802ab278f6f4ff571dfd,미치게 본점,7a151d290e01dc51,"여서,문수",한식,exact-notion-page-photo,Notion 고유 페이지 커버,attachment:4fd24cc2-b666-4d61-896a-1759d0913db3:1.png,https://app.notion.com/p/2ffda158dd2a802ab278f6f4ff571dfd,4,,unique-notion-store,restore-approved,
335da158dd2a801ebbe6d3186bb33596,미평햄버거 본점,00720e7025646b7f,"미평,둔덕",분식/도시락,exact-notion-page-photo,Notion 고유 페이지 커버,attachment:be50eaf6-b607-46a9-abff-56f166f8d5aa:KakaoTalk_20251201_190313793_20.jpg,https://app.notion.com/p/335da158dd2a801ebbe6d3186bb33596,1,,unique-notion-store,restore-approved,
2edda158dd2a8081b817fc988baa4fe6,반올림피자 여수미평점,720bbd7fb87816a7,"미평,둔덕",피자,exact-notion-page-photo,Notion 고유 페이지 커버,attachment:a5a0f22d-0e90-4e66-8f87-f9d031414163:1.png,https://app.notion.com/p/2edda158dd2a8081b817fc988baa4fe6,5,,unique-notion-store,restore-approved,
2f1da158dd2a80198842cbd0b10dbfa0,배떡 여수점,c938cc2ee278ce23,"여서,문수",분식/도시락,exact-notion-page-photo,Notion 고유 페이지 커버,attachment:06fcf0c9-cd60-4dc4-8704-8ac1ffd979d5:메인.jpg,https://app.notion.com/p/2f1da158dd2a80198842cbd0b10dbfa0,5,,unique-notion-store,restore-approved,
33dda158dd2a80bc9a58fc213cd8cab0,배스킨라빈스 여수미평점,6286966a0169a76b,"미평, 둔덕동",카페/디저트/베이커리/아이스크림/빙수,exact-notion-page-photo,Notion 고유 페이지 커버,attachment:b327fda5-1aea-47b3-a005-39e053e01bd9:노션1.png,https://app.notion.com/p/33dda158dd2a80bc9a58fc213cd8cab0,1,,unique-notion-store,restore-approved,
2f3da158dd2a80e09fbddb2c637ea8a7,배스킨라빈스 여수여서점,0619092f600c5be4,"여서,문수",카페/디저트/베이커리/아이스크림/빙수,exact-notion-page-photo,Notion 고유 페이지 커버,attachment:01342708-7892-438b-b002-b08874601d23:1.jpg,https://app.notion.com/p/2f3da158dd2a80e09fbddb2c637ea8a7,5,,unique-notion-store,restore-approved,
33cda158dd2a8041bf7acb4e513dfc34,백년족발,0987413e7ca12e2a,"여서,문수",족발/보쌈,exact-notion-page-photo,Notion 고유 페이지 커버,attachment:a43b070d-a0c4-4173-848e-659bdfb3f1da:1.png,https://app.notion.com/p/33cda158dd2a8041bf7acb4e513dfc34,4,,unique-notion-store,restore-approved,
2feda158dd2a80a1a745ca4fc21ec289,백수초밥,6c3386fc9f4a5b5b,"여서,문수",회/초밥/선어/해산물,exact-notion-page-photo,Notion 고유 페이지 커버,attachment:3e552caf-5d80-43ea-8c2c-837999560691:1.png,https://app.notion.com/p/2feda158dd2a80a1a745ca4fc21ec289,6,,unique-notion-store,restore-approved,
324da158dd2a803db3f2d17aa3487d5a,백억 흑미 꼬마김밥,40c638502decc604,"여서,문수",분식/도시락,exact-notion-page-photo,Notion 고유 페이지 커버,attachment:1c63f75e-f79b-46ed-af25-c4b73224bdf4:1.png,https://app.notion.com/p/324da158dd2a803db3f2d17aa3487d5a,6,,unique-notion-store,restore-approved,
2f3da158dd2a80588303dcd01d7384a8,보드람치킨 여수여서점,4c6d5dcf82e3e56b,여서/ 문수,치킨,exact-notion-page-photo,Notion 고유 페이지 커버,existing:4c6d5dcf82e3e56b,https://app.notion.com/p/2f3da158dd2a80588303dcd01d7384a8,6,4c6d5dcf82e3e56b:보드람치킨 여서점,same-store-existing-canonical,link-existing-canonical,
31eda158dd2a801999b3f457de24ff0f,본스치킨 미평점,57ae8848b4ccc2a1,미평/ 둔덕,치킨,exact-notion-page-photo,Notion 고유 페이지 커버,attachment:e183be16-72c0-4146-a5c7-471263ca5820:노션1.png,https://app.notion.com/p/31eda158dd2a801999b3f457de24ff0f,4,,unique-notion-store,restore-approved,
2feda158dd2a8064ba77f1d5c3bc11ed,봉구스밥버거 문수점,7c03a236a9c011b4,"여서,문수",분식/도시락,exact-notion-page-photo,Notion 고유 페이지 커버,attachment:eb5ca23a-416a-4903-a70b-23bcc3ba656d:1.png,https://app.notion.com/p/2feda158dd2a8064ba77f1d5c3bc11ed,6,,unique-notion-store,restore-approved,
2efda158dd2a80d39c60ee66d65fb843,봉명동내커피 여수문수점,8d36892e33e3536b,"여서,문수",카페/디저트/베이커리/아이스크림/빙수,exact-notion-page-photo,Notion 고유 페이지 커버,attachment:c4b3ff5d-5b9b-4c57-8d00-ea9f19d10ce4:1메인.jpg,https://app.notion.com/p/2efda158dd2a80d39c60ee66d65fb843,5,,unique-notion-store,restore-approved,
2f1da158dd2a8013baa6cbba2a806c48,부대찌개 전쟁터,ba73ff085a9fe8a1,"교동, 중앙동",한식,exact-notion-page-photo,Notion 고유 페이지 커버,attachment:e555565d-ee63-449a-b085-024a616f39d3:노션메인수정사진.png,https://app.notion.com/p/2f1da158dd2a8013baa6cbba2a806c48,5,,unique-notion-store,restore-approved,
2feda158dd2a8080b11ee43aa7d09c96,북촌손만두&피냉면 여수문수점,c1a35b0c8903cd57,여서/ 문수,면요리,exact-notion-page-photo,Notion 고유 페이지 커버,attachment:66439cda-9538-4ae9-877b-416778691811:1.png,https://app.notion.com/p/2feda158dd2a8080b11ee43aa7d09c96,6,,unique-notion-store,restore-approved,
2f5da158dd2a80d2a8eff2505d85a2b8,불로만치킨바베큐 여서점,372fc26c2137b79f,여서/ 문수,치킨,exact-notion-page-photo,Notion 고유 페이지 커버,attachment:dedf6901-3cf1-434c-ae1e-77d2bce75ae9:1.jpg,https://app.notion.com/p/2f5da158dd2a80d2a8eff2505d85a2b8,1,,unique-notion-store,restore-approved,
349da158dd2a807fb4bcebd3c98f8384,비비큐 여수여서점,450856a6b5fd4846,여서/ 문수,치킨,exact-notion-page-photo,Notion 고유 페이지 커버,attachment:5a431ed8-a26e-4e2d-9b38-21a1792e60d5:비비큐AI황올반양념반치킨.png,https://app.notion.com/p/349da158dd2a807fb4bcebd3c98f8384,1,,unique-notion-store,restore-approved,
2f6da158dd2a80228637ddf59e2fb3f0,빙동댕 여수문수점,29413e4ca86793cf,"여서,문수",카페/디저트/베이커리/아이스크림/빙수,exact-notion-page-photo,Notion 고유 페이지 커버,attachment:74c67778-91ba-471a-8217-7fd14c48551b:1.jpg,https://app.notion.com/p/2f6da158dd2a80228637ddf59e2fb3f0,1,,unique-notion-store,restore-approved,
2fcda158dd2a80909257e03a9e41f591,빵빵김밥 여서점,f14bc5ec109f3af0,"여서,문수",분식/도시락,exact-notion-page-photo,Notion 고유 페이지 커버,attachment:76fc4b1d-d7b3-416e-9ea9-60f49fa219de:노션2.png,https://app.notion.com/p/2fcda158dd2a80909257e03a9e41f591,4,,unique-notion-store,restore-approved,
2ecda158dd2a80b1be91c0306063150f,빵위에치즈 여수점,8d21bc80dd49679e,"여서,문수",피자,exact-notion-page-photo,Notion 고유 페이지 커버,attachment:7a3ac03a-ee0a-43a4-86fe-bce212344527:KakaoTalk_20260118_135654023.jpg,https://app.notion.com/p/2ecda158dd2a80b1be91c0306063150f,3,,unique-notion-store,restore-approved,
36dda158dd2a80b78cbbcfb4561d744d,뽕뜨락피자 여수여서점,aa0a00258c22f377,"여서,문수",피자,exact-notion-page-photo,Notion 고유 페이지 커버,attachment:6e85187a-2643-40be-8bce-8c681c33604c:KakaoTalk_20260528_044103027_03.jpg,https://app.notion.com/p/36dda158dd2a80b78cbbcfb4561d744d,1,,unique-notion-store,restore-approved,
301da158dd2a803597e0f26b4b81e909,삼첩분식 미평점,9509311543276bbf,"미평,둔덕",분식/도시락,exact-notion-page-photo,Notion 고유 페이지 커버,attachment:d1aad9cc-e0e0-43da-b1bc-5993d3f0f578:1.png,https://app.notion.com/p/301da158dd2a803597e0f26b4b81e909,6,,unique-notion-store,restore-approved,
2fcda158dd2a8001803fc7dd177f5ff4,서영이네김밥 미평점,90cd1600c54ce7d0,"미평,둔덕",분식/도시락,exact-notion-page-photo,Notion 고유 페이지 커버,attachment:4f17d857-b422-4d57-9960-0521356d5ce4:1.jpg,https://app.notion.com/p/2fcda158dd2a8001803fc7dd177f5ff4,5,,unique-notion-store,restore-approved,
2f3da158dd2a800ca08fd82302f933e6,서울깍두기 미평직영점,6daf3c1e0dfb68fe,"미평,둔덕",한식,exact-notion-page-photo,Notion 고유 페이지 커버,attachment:5611c069-3a94-4565-b22b-b8246641b86a:노션메인.jpg,https://app.notion.com/p/2f3da158dd2a800ca08fd82302f933e6,3,,unique-notion-store,restore-approved,
2fcda158dd2a80db9819c2f9978a7854,서울해장국,944533e323d7707e,"교동, 중앙동",한식,exact-notion-page-photo,Notion 고유 페이지 커버,attachment:faf4ac14-5337-4fd1-8bb6-7093a6a180c7:노션메인.png,https://app.notion.com/p/2fcda158dd2a80db9819c2f9978a7854,1,,unique-notion-store,restore-approved,
2ebda158dd2a8047a070f09f9ae40469,소풍 미평점,a2f437f54b756898,"미평,둔덕",분식/도시락,exact-notion-page-photo,Notion 고유 페이지 커버,attachment:51d62129-e49b-46cd-b27f-088bcabfd65f:KakaoTalk_20260116_234926595.jpg,https://app.notion.com/p/2ebda158dd2a8047a070f09f9ae40469,3,,unique-notion-store,restore-approved,
330da158dd2a80568714c6cd5c395c63,손수김밥 양지점,67a9e4f14c8c7ea4,"미평,둔덕",한식,exact-notion-page-photo,Notion 고유 페이지 커버,attachment:56fa67cb-876c-47e9-9881-289821a46f3a:노션메인.png,https://app.notion.com/p/330da158dd2a80568714c6cd5c395c63,1,,unique-notion-store,restore-approved,
31eda158dd2a8091986bd92f0d3281e5,수해복마라탕 여수미평점,c59a5a8f5a91ce24,"미평,둔덕",마라탕/양꼬치,exact-notion-page-photo,Notion 고유 페이지 커버,attachment:673feb72-4912-484a-8651-486ae80bb653:1.png,https://app.notion.com/p/31eda158dd2a8091986bd92f0d3281e5,6,,unique-notion-store,restore-approved,
303da158dd2a80a7a87ac2acd31f2968,쉐프의 생 안심탕수육 문수점,1945b6a42e0da33c,"여서,문수",중식,exact-notion-page-photo,Notion 고유 페이지 커버,attachment:85d75a8e-4f09-42b7-8276-616064f5b189:1.png,https://app.notion.com/p/303da158dd2a80a7a87ac2acd31f2968,5,,unique-notion-store,restore-approved,
2f6da158dd2a80ab9c16d70647e1d012,시민족발보쌈,709d27cafd434e30,"여서,문수",족발/보쌈,exact-notion-page-photo,Notion 고유 페이지 커버,attachment:b65cc300-4cbc-40e4-a382-d4d1275a24ee:1.jpg,https://app.notion.com/p/2f6da158dd2a80ab9c16d70647e1d012,1,,unique-notion-store,restore-approved,
357da158dd2a802ea8dace62da48cd2d,시원밀면냉면 여수점,c057c0a0076a8eb1,국동,면요리,exact-notion-page-photo,Notion 고유 페이지 커버,attachment:558afeee-7790-404c-9fb3-cd7acda0f547:KakaoTalk_20260505_151536270_06.jpg,https://app.notion.com/p/357da158dd2a802ea8dace62da48cd2d,1,,unique-notion-store,restore-approved,
2ebda158dd2a8064ad32c4997bb8ba0a,써브웨이 여서점,d89dce51902e9756,"여서,문수",햄버거/샌드위치/토스트/핫도그,exact-notion-page-photo,Notion 고유 페이지 커버,attachment:6fc59dd8-b309-41c0-9556-2faa948e5871:12.jpg,https://app.notion.com/p/2ebda158dd2a8064ad32c4997bb8ba0a,4,,unique-notion-store,restore-approved,
2f8da158dd2a809bba1de1a9e37385b1,쑝쑝돈까스 여수미평점,8d9e961a6ffd106f,"미평,둔덕",돈까스/일식,exact-notion-page-photo,Notion 고유 페이지 커버,attachment:d220d1d3-73eb-4aa3-b25c-f727e242d4f8:1.jpg,https://app.notion.com/p/2f8da158dd2a809bba1de1a9e37385b1,2,,unique-notion-store,restore-approved,
34bda158dd2a809dbc2ef7f17fb284c6,아구회관,4d45e2363f0a18dd,"여서,문수",한식,exact-notion-page-photo,Notion 고유 페이지 커버,attachment:c0166bec-50fd-43fe-88fd-46cc604621c8:1.png,https://app.notion.com/p/34bda158dd2a809dbc2ef7f17fb284c6,4,,unique-notion-store,restore-approved,
2e4da158dd2a80a0b157fe0c61a9861f,아주커치킨 둔덕점,c56d65926bf2b224,미평/ 둔덕,치킨,exact-notion-page-photo,Notion 고유 페이지 커버,attachment:610cc0e4-6440-4c89-91d9-6bbd0b29fe3a:순살반반치킨.jpg,https://app.notion.com/p/2e4da158dd2a80a0b157fe0c61a9861f,3,,unique-notion-store,restore-approved,
2edda158dd2a80d08e8fc9a9218dae7f,아주커치킨 문수점,e66f136d0e468b6e,여서/ 문수,치킨,exact-notion-page-photo,Notion 고유 페이지 커버,attachment:ed87f353-07dd-4f28-a736-36406382ac10:아주_최편집.jpg,https://app.notion.com/p/2edda158dd2a80d08e8fc9a9218dae7f,5,,unique-notion-store,restore-approved,
333da158dd2a80a981a8c4e9e203046b,아주커치킨 미평점,cea43a5971a17628,미평/ 둔덕,치킨,exact-notion-page-photo,Notion 고유 페이지 커버,attachment:7a030954-fdf0-4d47-bd0a-5c936b088326:노션1.png,https://app.notion.com/p/333da158dd2a80a981a8c4e9e203046b,1,,unique-notion-store,restore-approved,
33cda158dd2a8080991def63400be976,아차산매운떡볶이 여수점,c7a234ae0185bdee,국동,분식/도시락,exact-notion-page-photo,Notion 고유 페이지 커버,attachment:de26a9b5-f03d-400c-8817-0f433a2262b1:KakaoTalk_20251126_154747244_17.jpg,https://app.notion.com/p/33cda158dd2a8080991def63400be976,1,,unique-notion-store,restore-approved,
2edda158dd2a8043bb20d57e14f44c47,앨리스토리커피,da8665eac406cc04,"여서,문수",카페/디저트/베이커리/아이스크림/빙수,exact-notion-page-photo,Notion 고유 페이지 커버,attachment:1a5e43b2-2e97-48f2-ae16-af20f6528161:KakaoTalk_20260119_194356554.jpg,https://app.notion.com/p/2edda158dd2a8043bb20d57e14f44c47,3,,unique-notion-store,restore-approved,
31fda158dd2a80799ceff7d3d52bd6af,양지골수육,170c2c5b7b5a24c1,"미평,둔덕",한식,exact-notion-page-photo,Notion 고유 페이지 커버,attachment:7da6436b-4ecf-4c08-947a-245ff045ddb6:11.png,https://app.notion.com/p/31fda158dd2a80799ceff7d3d52bd6af,4,,unique-notion-store,restore-approved,
319da158dd2a80d78e4cf3e288438399,양철북곱창 미평점,4b2a2803e3a4c80a,"미평,둔덕",한식,exact-notion-page-photo,Notion 고유 페이지 커버,attachment:a8d1bd33-08a6-4983-841b-19eaeb26649a:1.png,https://app.notion.com/p/319da158dd2a80d78e4cf3e288438399,4,,unique-notion-store,restore-approved,
302da158dd2a803b96f9d9ae92d38785,여수 돌산 꽈배기,a60a8b15c1648b9b,서교동,카페/디저트/베이커리/아이스크림/빙수,exact-notion-page-photo,Notion 고유 페이지 커버,attachment:18ad35b2-353f-4352-aa50-6a1ee4da1853:1.jpg,https://app.notion.com/p/302da158dd2a803b96f9d9ae92d38785,5,,unique-notion-store,restore-approved,
324da158dd2a807aa5facf215846d1b9,여수대표치킨,48a8921c93fca359,봉산동,치킨,exact-notion-page-photo,Notion 고유 페이지 커버,attachment:ad8a935c-1bc6-4728-aa97-7340be74aee9:1.png,https://app.notion.com/p/324da158dd2a807aa5facf215846d1b9,4,,unique-notion-store,restore-approved,
34cda158dd2a80aba984fe2caf1b1959,여수숯불창고,5a4fee4e5893eb6c,"여서,문수",야식/주점,exact-notion-page-photo,Notion 고유 페이지 커버,attachment:f4a421af-f649-4e74-8287-a34adf0956f1:KakaoTalk_20260424_190513745_06.jpg,https://app.notion.com/p/34cda158dd2a80aba984fe2caf1b1959,1,,unique-notion-store,restore-approved,
2ffda158dd2a800a9290e2af9872221f,여수싱싱회&육회 문수본점,b878080708bef825,"여서,문수",회/초밥/선어/해산물,exact-notion-page-photo,Notion 고유 페이지 커버,attachment:64a38567-6ef6-4280-9513-a822c0d779b7:4.png,https://app.notion.com/p/2ffda158dd2a800a9290e2af9872221f,6,,unique-notion-store,restore-approved,
2ffda158dd2a8067bad6c8c600bfc3ba,여수하늘,6739ddf6736ef934,"여서,문수",카페/디저트/베이커리/아이스크림/빙수,exact-notion-page-photo,Notion 고유 페이지 커버,attachment:c0826d53-7741-47ef-9871-22f8f932582f:1.jpg,https://app.notion.com/p/2ffda158dd2a8067bad6c8c600bfc3ba,5,,unique-notion-store,restore-approved,
2efda158dd2a803d86d0f0dbe18ab96e,여수회포차,071664b07428a1d3,"여서,문수",회/초밥/선어/해산물,exact-notion-page-photo,Notion 고유 페이지 커버,attachment:c205b73a-d72f-4004-b8f5-284fad630ce1:메인.jpg,https://app.notion.com/p/2efda158dd2a803d86d0f0dbe18ab96e,4,,unique-notion-store,restore-approved,
2f3da158dd2a807896fef5cf31285b37,여정식당 여문점,115416d8f8939ff3,"여서,문수",한식,exact-notion-page-photo,Notion 고유 페이지 커버,attachment:a66d73ab-d8d5-4ae4-862b-510bbf3bb804:1.jpg,https://app.notion.com/p/2f3da158dd2a807896fef5cf31285b37,4,,unique-notion-store,restore-approved,
2f5da158dd2a8090b143d678b195e5de,역전할머니맥주 봉산점,4e5bc543b1be9f22,봉산동,야식/주점,exact-notion-page-photo,Notion 고유 페이지 커버,attachment:cec2a62a-a522-4d94-9972-548018656c85:노션메인.jpg,https://app.notion.com/p/2f5da158dd2a8090b143d678b195e5de,1,,unique-notion-store,restore-approved,
33dda158dd2a80548615e3334d4f8bac,역전할머니맥주 여수미평점,a4eec3c764528112,"미평,둔덕",야식/주점,exact-notion-page-photo,Notion 고유 페이지 커버,attachment:43dde12d-20d4-4267-8918-8693b491e587:KakaoTalk_20260410_081600301_03.jpg,https://app.notion.com/p/33dda158dd2a80548615e3334d4f8bac,1,,unique-notion-store,restore-approved,
30cda158dd2a807b9128d24f4daefb52,연변양꼬치구이 미평점,9949709e121ff949,"미평,둔덕",마라탕/양꼬치,exact-notion-page-photo,Notion 고유 페이지 커버,attachment:719f77ff-49c7-4929-9ad1-17e98af246d4:1.png,https://app.notion.com/p/30cda158dd2a807b9128d24f4daefb52,4,,unique-notion-store,restore-approved,
30cda158dd2a80bd952cea9bf8c64754,오늘은 오므라이스 여수점,a8218795099e637e,"여서,문수",분식/도시락,exact-notion-page-photo,Notion 고유 페이지 커버,attachment:e1fd99e9-8547-49bb-ab78-1fae984ebc82:1.png,https://app.notion.com/p/30cda158dd2a80bd952cea9bf8c64754,3,,unique-notion-store,restore-approved,
2fcda158dd2a80009ef5e42ebcbb8dc0,오븐에꾸운닭 여문점,48033be58064b50c,여서/ 문수,치킨,exact-notion-page-photo,Notion 고유 페이지 커버,attachment:c81c3931-c677-48b3-93b9-b06363b35e61:1.jpg,https://app.notion.com/p/2fcda158dd2a80009ef5e42ebcbb8dc0,6,,unique-notion-store,restore-approved,
31eda158dd2a80e1bff9d3ff93e8a277,올떡볶이 여수봉계점,b05ef0b1b1774d35,봉계동,분식/도시락,exact-notion-page-photo,Notion 고유 페이지 커버,attachment:ba457ac1-9ca5-41f6-ad33-43dfa5778d65:1.png,https://app.notion.com/p/31eda158dd2a80e1bff9d3ff93e8a277,5,,unique-notion-store,restore-approved,
2ebda158dd2a80259bdfe256ddd5e46c,외계인피자 여수점,a089d1d54720b48e,"여서,문수",피자,exact-notion-page-photo,Notion 고유 페이지 커버,attachment:ad1f8451-421f-4c57-8f29-9f09497f7758:노션1.png,https://app.notion.com/p/2ebda158dd2a80259bdfe256ddd5e46c,3,,unique-notion-store,restore-approved,
2ebda158dd2a804cb5b5d68b6877984b,요거트월드 여서점,3bfcc2140b2e0e0c,"여서,문수",카페/디저트/베이커리/아이스크림/빙수,exact-notion-page-photo,Notion 고유 페이지 커버,attachment:594140c5-2520-447e-91f8-a98daaf4e3c5:노션3.png,https://app.notion.com/p/2ebda158dd2a804cb5b5d68b6877984b,3,,unique-notion-store,restore-approved,
2f1da158dd2a80e8ab94e77e8ec9d68d,요아정 여수여서점,b016e6c2fc4217ea,"여서,문수",카페/디저트/베이커리/아이스크림/빙수,exact-notion-page-photo,Notion 고유 페이지 커버,attachment:89a9c3df-9979-4f25-aa6d-b0953222dde2:KakaoTalk_20260123_020852305_15.jpg,https://app.notion.com/p/2f1da158dd2a80e8ab94e77e8ec9d68d,4,,unique-notion-store,restore-approved,
2f5da158dd2a80c78293c0146eb4ba6d,요이참치 여수점,c2aa469b555fbbf7,"여서,문수",회/초밥/선어/해산물,exact-notion-page-photo,Notion 고유 페이지 커버,attachment:9e7954aa-37ef-4b6d-843e-df5d88d84c5b:1.jpg,https://app.notion.com/p/2f5da158dd2a80c78293c0146eb4ba6d,1,,unique-notion-store,restore-approved,
367da158dd2a80da9baaf260969a9892,용우동 여서점,b1995040582014bf,"여서,문수",한식,exact-notion-page-photo,Notion 고유 페이지 커버,attachment:7fba4cee-f66b-4a46-9511-3184eeabf6e2:용우동_해물짬뽕우동.jpg,https://app.notion.com/p/367da158dd2a80da9baaf260969a9892,1,,unique-notion-store,restore-approved,
2ebda158dd2a808babafd0d6f3b2a664,우정통닭,8f4cfdc693976989,여서/ 문수,치킨,exact-notion-page-photo,Notion 고유 페이지 커버,attachment:c6930d30-f42e-41a7-a541-8599a7daeaf1:1.png,https://app.notion.com/p/2ebda158dd2a808babafd0d6f3b2a664,4,,unique-notion-store,restore-approved,
304da158dd2a80ec9b0ae171783b172b,우쿠야 여수여서점,a4aaeb8049d4e9f9,"여서,문수",돈까스/일식,exact-notion-page-photo,Notion 고유 페이지 커버,attachment:89e74397-68df-46b9-ba5e-8d8a90c95e2c:1.png,https://app.notion.com/p/304da158dd2a80ec9b0ae171783b172b,4,,unique-notion-store,restore-approved,
2f0da158dd2a807582d8d8106f3df945,원할머니보쌈족발 여수여서점,b6d8f721f526761f,"여서,문수",족발/보쌈,exact-notion-page-photo,Notion 고유 페이지 커버,attachment:a1685ad0-5e6c-4107-adfb-2feeebecc010:1.png,https://app.notion.com/p/2f0da158dd2a807582d8d8106f3df945,5,,unique-notion-store,restore-approved,
31fda158dd2a80db9bccc1971697c1b0,유림식당,49470f61773e41e2,"미평,둔덕",한식,exact-notion-page-photo,Notion 고유 페이지 커버,attachment:326fc435-6e68-4727-991b-28a7bb2117b7:2.png,https://app.notion.com/p/31fda158dd2a80db9bccc1971697c1b0,6,,unique-notion-store,restore-approved,
33cda158dd2a8046bd05d2b7f347d832,윤가네 선어,2fb0f76b3d55052b,"여서,문수",회/초밥/선어/해산물,exact-notion-page-photo,Notion 고유 페이지 커버,attachment:7ca313a1-22fd-48bd-9d04-279b638aa68f:1.png,https://app.notion.com/p/33cda158dd2a8046bd05d2b7f347d832,5,,unique-notion-store,restore-approved,
2f2da158dd2a807c9e2ad69156bf6667,을찌로국물떡볶이 국동점,52aac4b5adef4d89,국동,분식/도시락,exact-notion-page-photo,Notion 고유 페이지 커버,attachment:3e13ef3b-835e-4a8d-920e-8201b556fbf8:노션메인사진.png,https://app.notion.com/p/2f2da158dd2a807c9e2ad69156bf6667,5,,unique-notion-store,restore-approved,
305da158dd2a80588296c776e8eac18f,응큼떡볶이 여수점,c26995210f249627,"여서,문수",분식/도시락,exact-notion-page-photo,Notion 고유 페이지 커버,attachment:d43c7887-4a67-4369-bed4-f4dee4840d00:1.png,https://app.notion.com/p/305da158dd2a80588296c776e8eac18f,5,,unique-notion-store,restore-approved,
2f2da158dd2a8043938bf162e1838b08,이디야커피 국동점,e412d7dea107cc59,국동,카페/디저트/베이커리/아이스크림/빙수,exact-notion-page-photo,Notion 고유 페이지 커버,attachment:40db67af-06c8-4a38-954a-1a7931098494:노션메인사진.jpg,https://app.notion.com/p/2f2da158dd2a8043938bf162e1838b08,4,,unique-notion-store,restore-approved,
339da158dd2a80cfa0cfd9ffbf01b5db,이모야분식,4ec7dd8e93675267,"여서,문수",분식/도시락,exact-notion-page-photo,Notion 고유 페이지 커버,attachment:295cfe83-c3b2-4ed2-859e-7dfe818c88a0:노션메인.png,https://app.notion.com/p/339da158dd2a80cfa0cfd9ffbf01b5db,1,,unique-notion-store,restore-approved,
2edda158dd2a807d823bc88d3d6d5ce2,이순신갈비탕(청하대 영빈관) 여서점,b9501772f0f6b1fb,"여서,문수",한식,exact-notion-page-photo,Notion 고유 페이지 커버,existing:b9501772f0f6b1fb,https://app.notion.com/p/2edda158dd2a807d823bc88d3d6d5ce2,2,b9501772f0f6b1fb:청하대 영빈관 여서점,same-store-existing-canonical,link-existing-canonical,
2ecda158dd2a807788adebabb08ccfbe,인생아구찜 여수문수점,11442d3b3328f951,"여서,문수",한식,exact-notion-page-photo,Notion 고유 페이지 커버,attachment:7d836add-b233-4bb2-b6a6-ba4d9d7cfc68:KakaoTalk_20260119_032059081_14.jpg,https://app.notion.com/p/2ecda158dd2a807788adebabb08ccfbe,3,,unique-notion-store,restore-approved,
2fada158dd2a801fb601c9927ad00204,자담치킨 여수미평점,75b59b6f39651fc8,봉계동,치킨,exact-notion-page-photo,Notion 고유 페이지 커버,attachment:efac97e0-ca38-409b-8a60-b10b55bea99d:노션1.png,https://app.notion.com/p/2fada158dd2a801fb601c9927ad00204,4,,unique-notion-store,restore-approved,
33cda158dd2a8087aad6e9935bf2c2e8,장충동왕족발 여수점,b929bcd743be8b12,오림동,족발/보쌈,exact-notion-page-photo,Notion 고유 페이지 커버,attachment:acede366-a776-413b-9fab-e8d35404717b:11.png,https://app.notion.com/p/33cda158dd2a8087aad6e9935bf2c2e8,6,,unique-notion-store,restore-approved,
2edda158dd2a8003bd4cf5300fafc3a2,장충동B&F족발보쌈 여수점,d5a91ccf9edca566,광무동,족발/보쌈,exact-notion-page-photo,Notion 고유 페이지 커버,attachment:e6f1885c-cf21-4719-b9fc-d129125cc9b1:KakaoTalk_20260119_224714801_11.jpg,https://app.notion.com/p/2edda158dd2a8003bd4cf5300fafc3a2,5,,unique-notion-store,restore-approved,
2f9da158dd2a80fb96ebe363554a6e44,정남옥 여수점,78366e913c324782,수정동,한식,exact-notion-page-photo,Notion 고유 페이지 커버,attachment:c9014aa8-dd48-4b65-a0f5-1bad9ac7bd4a:노션메인.jpg,https://app.notion.com/p/2f9da158dd2a80fb96ebe363554a6e44,1,,unique-notion-store,restore-approved,
2f9da158dd2a80ddaeddf601b2271e53,제육대가 여수미평점,7c9ca9471d15acc4,"미평,둔덕",한식,exact-notion-page-photo,Notion 고유 페이지 커버,attachment:7cf9ebc1-510c-4767-9fde-fa642c55d545:1.jpg,https://app.notion.com/p/2f9da158dd2a80ddaeddf601b2271e53,2,,unique-notion-store,restore-approved,
349da158dd2a8090a62acadbe3a347ae,제육에 진심을 담아,f617bdb93ac0246f,"여서,문수",한식,exact-notion-page-photo,Notion 고유 페이지 커버,attachment:469511b6-e9be-4f7c-95c7-35b64fce6812:KakaoTalk_20260421_074627420_07.jpg,https://app.notion.com/p/349da158dd2a8090a62acadbe3a347ae,1,,unique-notion-store,restore-approved,
33ada158dd2a80f188eac6b93e8cd6f7,조선다방 봉계점,0bf8b6178a1596ca,봉계동,카페/디저트/베이커리/아이스크림/빙수,exact-notion-page-photo,Notion 고유 페이지 커버,attachment:29e6a900-b36d-451e-9f71-fb9aa1d928c4:노션메인.png,https://app.notion.com/p/33ada158dd2a80f188eac6b93e8cd6f7,1,,unique-notion-store,restore-approved,
31ada158dd2a80e3adc5ca227fad34f0,족발자리,76235bf473121cbe,"미평,둔덕",족발/보쌈,exact-notion-page-photo,Notion 고유 페이지 커버,attachment:1eba7d44-1c5c-4d29-a2b8-e03b45198e06:1.png,https://app.notion.com/p/31ada158dd2a80e3adc5ca227fad34f0,6,,unique-notion-store,restore-approved,
303da158dd2a80f686dffa92a6fae9e3,족팔계왕족발,eb1005c7067bc9d4,"여서,문수",족발/보쌈,exact-notion-page-photo,Notion 고유 페이지 커버,attachment:6fe8858e-e7e4-4fee-b6cd-cdafe6b694ce:1.png,https://app.notion.com/p/303da158dd2a80f686dffa92a6fae9e3,4,,unique-notion-store,restore-approved,
301da158dd2a80b8835ed0b91556abb9,주가네김치찌개&찜 여수여서점,7a01cce02afa8141,"여서,문수",국밥/찜/탕/찌개/조림,exact-notion-page-photo,Notion 고유 페이지 커버,attachment:ea72cb9a-dc84-485e-b827-aa2258a6d6dd:1.png,https://app.notion.com/p/301da158dd2a80b8835ed0b91556abb9,6,,unique-notion-store,restore-approved,
2fcda158dd2a80ba8fbad2c798d4d7d5,중국관,295dc97b6abaf2e2,"여서,문수",중식,exact-notion-page-photo,Notion 고유 페이지 커버,attachment:0e9fb2a2-83e6-4fc8-864d-c010c2b5c711:1.jpg,https://app.notion.com/p/2fcda158dd2a80ba8fbad2c798d4d7d5,6,,unique-notion-store,restore-approved,
2f8da158dd2a80c2b287f29f7ab7bfcc,지코바치킨 미평점,fa5bca3967c25462,미평/ 둔덕,치킨,exact-notion-page-photo,Notion 고유 페이지 커버,attachment:2d7227dc-80ef-44ef-9cb5-598d419b5c72:1.jpg,https://app.notion.com/p/2f8da158dd2a80c2b287f29f7ab7bfcc,2,,unique-notion-store,restore-approved,
328da158dd2a80499ef3c9522c65b6e3,직화구이 바싹 족발닭발보쌈,7f48f499a367b2b8,국동,족발/보쌈,exact-notion-page-photo,Notion 고유 페이지 커버,attachment:61ba7074-fe35-43e7-9201-e269da02d872:KakaoTalk_20251209_212112319_18.jpg,https://app.notion.com/p/328da158dd2a80499ef3c9522c65b6e3,1,,unique-notion-store,restore-approved,
2f2da158dd2a80c19cdbe7f05a77e6ff,쫑포피자 문수점,7919e0b7f8d5b436,"여서,문수",피자,exact-notion-page-photo,Notion 고유 페이지 커버,attachment:50fc8e55-457a-4d12-8b5d-62d449830993:1.jpg,https://app.notion.com/p/2f2da158dd2a80c19cdbe7f05a77e6ff,5,,unique-notion-store,restore-approved,
2f8da158dd2a80f7a86dcaac1f4df905,찜콩 갈비찜 전문,01f219eac1bdc294,"여서,문수",한식,exact-notion-page-photo,Notion 고유 페이지 커버,attachment:f9f54171-7a4d-4c52-b170-ddd0c9097306:1.jpg,https://app.notion.com/p/2f8da158dd2a80f7a86dcaac1f4df905,2,,unique-notion-store,restore-approved,
332da158dd2a80a38045d314f4d35062,"착한쭝식 여서점(먹깨비,땡겨요로 주문시 군만두 서비스!!)",c6568ee1688504c7,"여서,문수",중식,exact-notion-page-photo,Notion 고유 페이지 커버,attachment:07c176f6-3a42-4f69-92fc-a4a6badcc84e:KakaoTalk_20260110_004915024_13.jpg,https://app.notion.com/p/332da158dd2a80a38045d314f4d35062,1,,unique-notion-store,restore-approved,
2fdda158dd2a80e7ab82c5ad30fff882,천화마라탕,340a17ea324662dc,"여서,문수",마라탕/양꼬치,exact-notion-page-photo,Notion 고유 페이지 커버,attachment:1f66267a-38b0-480b-bb73-8c4dcb2a1894:1.png,https://app.notion.com/p/2fdda158dd2a80e7ab82c5ad30fff882,4,,unique-notion-store,restore-approved,
2f6da158dd2a80d78c4cd7e883bfb243,청년다방 여서점,e456f248cbe542a3,"여서,문수",분식/도시락,exact-notion-page-photo,Notion 고유 페이지 커버,attachment:965c2820-003a-46b7-9266-e47dd62bf1a9:1.jpg,https://app.notion.com/p/2f6da158dd2a80d78c4cd7e883bfb243,1,,unique-notion-store,restore-approved,
2fdda158dd2a807bb6f7e661f7de4ba1,초이커피,3d512878922a19db,"여서,문수",카페/디저트/베이커리/아이스크림/빙수,exact-notion-page-photo,Notion 고유 페이지 커버,attachment:f58f2a79-b2fb-4264-9e20-b5f0d985b3ae:1.jpg,https://app.notion.com/p/2fdda158dd2a807bb6f7e661f7de4ba1,5,,unique-notion-store,restore-approved,
324da158dd2a805f95becc164c45e1b3,촌닭두마리치킨 오림점,884076b36adf9697,오림동,치킨,exact-notion-page-photo,Notion 고유 페이지 커버,attachment:0c714ca4-1651-4357-875b-b1dd30a9b67d:1.png,https://app.notion.com/p/324da158dd2a805f95becc164c45e1b3,6,,unique-notion-store,restore-approved,
2f8da158dd2a80d3b820cfc22a66e275,카페 브라운,dddc8ea5032e3c62,"여서,문수",카페/디저트/베이커리/아이스크림/빙수,exact-notion-page-photo,Notion 고유 페이지 커버,attachment:2a1a3bff-4c35-40e1-8cab-b07ad4658968:2.jpg,https://app.notion.com/p/2f8da158dd2a80d3b820cfc22a66e275,2,,unique-notion-store,restore-approved,
2f5da158dd2a800798b5c885dd128d7c,카페인,fa0bccb2d190a7c0,"교동, 중앙동",카페/디저트/베이커리/아이스크림/빙수,exact-notion-page-photo,Notion 고유 페이지 커버,attachment:3f961619-0657-435b-a93c-9c956a49dc75:KakaoTalk_20251116_233426262_17.jpg,https://app.notion.com/p/2f5da158dd2a800798b5c885dd128d7c,1,,unique-notion-store,restore-approved,
2eada158dd2a8018b679e3cd24bed8fd,커피샵붕어빵,9af017d533d36ab4,"미평, 둔덕동",카페/디저트/베이커리/아이스크림/빙수,exact-notion-page-photo,Notion 고유 페이지 커버,attachment:88943e02-0208-43de-b57a-c987b1112c43:KakaoTalk_20260117_012153852.jpg,https://app.notion.com/p/2eada158dd2a8018b679e3cd24bed8fd,4,,unique-notion-store,restore-approved,
305da158dd2a80838fd4d7f52282e7d4,커피어클락,478795eb80081c91,오림동,카페/디저트/베이커리/아이스크림/빙수,exact-notion-page-photo,Notion 고유 페이지 커버,attachment:f4e3dd25-6f18-47b3-9c9a-c7a225f45b91:1.png,https://app.notion.com/p/305da158dd2a80838fd4d7f52282e7d4,6,,unique-notion-store,restore-approved,
2f9da158dd2a8022b162ea131682ef34,컬투치킨 여수점,9a494eae325155d9,수정동,치킨,exact-notion-page-photo,Notion 고유 페이지 커버,attachment:d226dcaf-9f27-439b-aebd-f02cf945ae2c:노션메인.jpg,https://app.notion.com/p/2f9da158dd2a8022b162ea131682ef34,1,,unique-notion-store,restore-approved,
324da158dd2a801493cced68d6e4bb5f,컴포즈커피 여수문수광장점,2cddfb9ee60f0d7b,"여서,문수",카페/디저트/베이커리/아이스크림/빙수,exact-notion-page-photo,Notion 고유 페이지 커버,attachment:ba291a1b-ca2d-46fc-a0aa-93a256c3ab66:1.jpg,https://app.notion.com/p/324da158dd2a801493cced68d6e4bb5f,4,,unique-notion-store,restore-approved,
2fada158dd2a809e98bdd274c050a3f1,컴포즈커피 여수여서점,68360b2d1b0e6457,"여서,문수",카페/디저트/베이커리/아이스크림/빙수,exact-notion-page-photo,Notion 고유 페이지 커버,attachment:ba291a1b-ca2d-46fc-a0aa-93a256c3ab66:1.jpg,https://app.notion.com/p/2fada158dd2a809e98bdd274c050a3f1,6,,unique-notion-store,restore-approved,
319da158dd2a8048b165c3f3f91e5366,케이키팩토리,5b408dab11c7b1dd,봉계동,카페/디저트/베이커리/아이스크림/빙수,exact-notion-page-photo,Notion 고유 페이지 커버,attachment:24824680-567d-43c0-ae11-e55dce0bfefc:1.png,https://app.notion.com/p/319da158dd2a8048b165c3f3f91e5366,5,,unique-notion-store,restore-approved,
2f0da158dd2a809e8f58d9c2b88db105,콩불 여수중앙점,8d9df0fbb77ce9eb,"교동, 중앙동",한식,exact-notion-page-photo,Notion 고유 페이지 커버,attachment:f07b57ae-19a7-467b-a8ab-5e40b53d0f53:노션메인.jpg,https://app.notion.com/p/2f0da158dd2a809e8f58d9c2b88db105,5,,unique-notion-store,restore-approved,
2f7da158dd2a802d9cf8c581ccfbb4bf,킹콩부대찌개 여수점,04036067da3dde5f,"미평,둔덕",한식,exact-notion-page-photo,Notion 고유 페이지 커버,attachment:9c330bed-3918-4148-9157-02a56319c837:1.jpg,https://app.notion.com/p/2f7da158dd2a802d9cf8c581ccfbb4bf,2,,unique-notion-store,restore-approved,
2e9da158dd2a8052bda7fd6e1c435ace,탕화쿵푸마라탕 여서점,ba7577041d64a394,"여서,문수",마라탕/양꼬치,exact-notion-page-photo,Notion 고유 페이지 커버,attachment:8811f2ec-9562-4f62-a8bd-4c0c9a1d2c01:KakaoTalk_20251202_112755608.jpg,https://app.notion.com/p/2e9da158dd2a8052bda7fd6e1c435ace,2,,unique-notion-store,restore-approved,
2fcda158dd2a8099aa08c4b61436e6e1,테그42 여수관문점,fe09f5cbf190ca3d,관문동,햄버거/샌드위치/토스트/핫도그,exact-notion-page-photo,Notion 고유 페이지 커버,attachment:0850307d-623d-46d3-a013-53b48941d8dd:노션메인.jpg,https://app.notion.com/p/2fcda158dd2a8099aa08c4b61436e6e1,2,,unique-notion-store,restore-approved,
2f2da158dd2a807d90a3eccd02176425,틈 돈까스 미평점,d9730ed96e5fbd9a,"미평,둔덕",돈까스/일식,exact-notion-page-photo,Notion 고유 페이지 커버,attachment:a5ae3cce-347d-4472-ba81-6677b1c5869d:노션메인.jpg,https://app.notion.com/p/2f2da158dd2a807d90a3eccd02176425,5,,unique-notion-store,restore-approved,
2f0da158dd2a800a8208cf321c95487c,포포샌드,6620c4ab87f00e86,국동,햄버거/샌드위치/토스트/핫도그,exact-notion-page-photo,Notion 고유 페이지 커버,attachment:7e6f4c98-5240-4a7d-88dd-da7ab669c1c5:KakaoTalk_20251128_092030478_03.jpg,https://app.notion.com/p/2f0da158dd2a800a8208cf321c95487c,3,,unique-notion-store,restore-approved,
2ecda158dd2a805ba42dee4648570090,푸라닭치킨 여수문수점,9846929c4427576a,여서/ 문수,치킨,exact-notion-page-photo,Notion 고유 페이지 커버,attachment:79e2834c-fad9-4722-a51c-6d3f4b0d4a61:KakaoTalk_20260119_012924151.jpg,https://app.notion.com/p/2ecda158dd2a805ba42dee4648570090,5,,unique-notion-store,restore-approved,
2fada158dd2a800ab2fdd65e5737881c,푸줏간 고기도시락 여수문수점,0a231139875a51cc,"여서,문수",분식/도시락,exact-notion-page-photo,Notion 고유 페이지 커버,attachment:1eba60a3-30b9-4044-af4e-6a394245cb45:1.jpg,https://app.notion.com/p/2fada158dd2a800ab2fdd65e5737881c,6,,unique-notion-store,restore-approved,
2e5da158dd2a803f8e6cc7d29e2d7258,프랭크버거 미평점,f8a71a5a2344ee7f,"미평,둔덕",햄버거/샌드위치/토스트/핫도그,exact-notion-page-photo,Notion 고유 페이지 커버,attachment:f7726c69-0c18-4225-b143-a371bc901515:KakaoTalk_20251125_072236311_21.jpg,https://app.notion.com/p/2e5da158dd2a803f8e6cc7d29e2d7258,5,,unique-notion-store,restore-approved,
2f0da158dd2a80cda498f2a77115761e,피나치공 국동점,1d0648282bdf1385,국동,치킨,exact-notion-page-photo,Notion 고유 페이지 커버,attachment:f34cf02e-d934-45a6-8677-108dee9c8785:피자나라치키공주5.png,https://app.notion.com/p/2f0da158dd2a80cda498f2a77115761e,1,,unique-notion-store,restore-approved,
354da158dd2a80d9ad76c8718ac4ffc2,피자나라치킨공주 여서점,d77bf57a99d5a355,"여서,문수",피자,exact-notion-page-photo,Notion 고유 페이지 커버,attachment:e7df21d2-fd26-40a5-bc38-c1aa519af1b6:피자나라치키공주3.jpg,https://app.notion.com/p/354da158dd2a80d9ad76c8718ac4ffc2,1,,unique-notion-store,restore-approved,
316da158dd2a8089a70ee2f3da3c0939,피자스쿨  미평점,d696a7c25651c706,"미평,둔덕",피자,exact-notion-page-photo,Notion 고유 페이지 커버,attachment:b1e232d0-afb5-4cbd-8153-979a71e3ada9:KakaoTalk_20251125_154041752_14.jpg,https://app.notion.com/p/316da158dd2a8089a70ee2f3da3c0939,1,,unique-notion-store,restore-approved,
2ecda158dd2a80b9be29d52d2d66b287,피자스쿨 여문점,abb76aa470e26f7a,"여서,문수",피자,exact-notion-page-photo,Notion 고유 페이지 커버,attachment:a8abdf80-d6dc-4e38-82e5-d06e6d67eca4:KakaoTalk_20251127_071757883_01.jpg,https://app.notion.com/p/2ecda158dd2a80b9be29d52d2d66b287,5,,unique-notion-store,restore-approved,
36cda158dd2a80009ceacd3aa806c084,피자프렌드 미평점,9f89e6d7784cf4a2,"미평,둔덕",피자,exact-notion-page-photo,Notion 고유 페이지 커버,attachment:e84cf948-83c5-407f-bdad-4b1ebd2ef4cf:KakaoTalk_20260527_041722119_04.jpg,https://app.notion.com/p/36cda158dd2a80009ceacd3aa806c084,3,,unique-notion-store,restore-approved,
339da158dd2a80cca07cfeee0e12efcc,하나옛날통닭 문수점,13c8e99cd1a7d7a1,여서/ 문수,치킨,exact-notion-page-photo,Notion 고유 페이지 커버,attachment:fa63ac5d-3ac3-4aa5-b3f7-fa4a48c715fe:KakaoTalk_20251223_183524406_16.jpg,https://app.notion.com/p/339da158dd2a80cca07cfeee0e12efcc,1,,unique-notion-store,restore-approved,
2f5da158dd2a80ed9cd8f847b939e773,하이오커피 여수교동점,c87b8aa579b69ea1,"교동, 중앙동",카페/디저트/베이커리/아이스크림/빙수,exact-notion-page-photo,Notion 고유 페이지 커버,attachment:ecbfde98-b85c-4440-a9f7-9028a7cf50d7:노션메인.jpg,https://app.notion.com/p/2f5da158dd2a80ed9cd8f847b939e773,1,,unique-notion-store,restore-approved,
339da158dd2a80419555d4f54dae25f4,한솥도시락 여수전남대점,e73b3aae78840798,"미평,둔덕",분식/도시락,exact-notion-page-photo,Notion 고유 페이지 커버,attachment:4e07cfde-2a91-4f49-be6b-ff446d1cc933:노션메인.png,https://app.notion.com/p/339da158dd2a80419555d4f54dae25f4,1,,unique-notion-store,restore-approved,
2ecda158dd2a80898240d2cf0154d791,향미진짬뽕,91622c10687d56dd,"여서,문수",중식,exact-notion-page-photo,Notion 고유 페이지 커버,attachment:2b01ee74-dae5-40e8-aa55-e8cf5cb3a2c0:노션1.png,https://app.notion.com/p/2ecda158dd2a80898240d2cf0154d791,3,,unique-notion-store,restore-approved,
2efda158dd2a80538ba1d02c087b1a32,호미스피자 여수점,36419c4127ce96c4,"여서,문수",피자,exact-notion-page-photo,Notion 고유 페이지 커버,attachment:72110301-2bc9-44b6-b89f-738d501cf3a9:KakaoTalk_20260122_030350579_06.jpg,https://app.notion.com/p/2efda158dd2a80538ba1d02c087b1a32,5,,unique-notion-store,restore-approved,
2f1da158dd2a8072bcf7e0a73bd5f499,호식이두마리치킨 국동점,23f9cb364b06cd44,국동,치킨,exact-notion-page-photo,Notion 고유 페이지 커버,attachment:db8a5a8f-1aed-44a5-99de-11c9eb1e6960:노션메인사진수정.png,https://app.notion.com/p/2f1da158dd2a8072bcf7e0a73bd5f499,5,,unique-notion-store,restore-approved,
2f0da158dd2a8025beb6eb4184e1c7bb,홍콩반점0410 여수문수점,1ed1cc571c81df01,"여서,문수",중식,exact-notion-page-photo,Notion 고유 페이지 커버,attachment:56fe6543-69a0-43ea-adf7-748446f8d0f2:홈페이지_1.jpg,https://app.notion.com/p/2f0da158dd2a8025beb6eb4184e1c7bb,4,,unique-notion-store,restore-approved,
303da158dd2a800e8eede36b42da8ed8,황금마차,4597954f924a4979,"여서,문수",회/초밥/선어/해산물,exact-notion-page-photo,Notion 고유 페이지 커버,attachment:d5264617-9f99-4286-b5cd-a2d47406ddb3:1.png,https://app.notion.com/p/303da158dd2a800e8eede36b42da8ed8,6,,unique-notion-store,restore-approved,
318da158dd2a80ee89f0df6834bffd90,황금아구 미평점,6390834d3238c3eb,"미평,둔덕",한식,exact-notion-page-photo,Notion 고유 페이지 커버,attachment:cb302365-2390-4541-95f4-c7d3da25dc81:1.png,https://app.notion.com/p/318da158dd2a80ee89f0df6834bffd90,4,,unique-notion-store,restore-approved,
2f2da158dd2a804b8594cccfda46e39a,회먹다,9ad90be6a8c96862,"여서,문수",회/초밥/선어/해산물,exact-notion-page-photo,Notion 고유 페이지 커버,attachment:2ec53979-ff2e-4040-a8e7-0447d3adc527:메인.jpg,https://app.notion.com/p/2f2da158dd2a804b8594cccfda46e39a,5,,unique-notion-store,restore-approved,
2f2da158dd2a803d97aacb2300fcd64a,휴게소 여수여서점,51ed482a660b8247,"여서,문수",카페/디저트/베이커리/아이스크림/빙수,exact-notion-page-photo,Notion 고유 페이지 커버,existing:51ed482a660b8247,https://app.notion.com/p/2f2da158dd2a803d97aacb2300fcd64a,5,51ed482a660b8247:바삭한 휴게소 여서점,same-store-existing-canonical,link-existing-canonical,
