"store_id","store_name","notion_url","naver_map","local_gift_app","direct_order","brand_app","mukkebi","ddangyo","ondongne","phone_order","yogiyo","coupang_eats","baemin","missing_from_canonical","wrong_link","duplicate_display","fix_status"
"14feb7cbd67ef7e2","1인피자 미니8 여수점","https://app.notion.com/p/302da158dd2a805d987ff151d2d67239","https://bit.ly/네이버지도-배스킨라빈스여수여서점","https://bit.ly/chak-yeosu","https://bit.ly/auto-1인피자미니8여수점","brand:1인피자 미니8","https://bit.ly/mk-보드람치킨여수여서점","","","https://bit.ly/전화-배스킨라빈스여수여서점","","https://bit.ly/cu-1인피자미니8여수점","https://bit.ly/bm-1인피자미니8여수점","","mukkebi|naver_map:cross-store-source|phone_order:cross-store-source","0","review-required"
"068b2ae8fe32874a","1인피자 피자먹다 여수여서점","https://app.notion.com/p/2feda158dd2a80a08084f21217d8ac0b","https://bit.ly/네이버지도-배스킨라빈스여수여서점","https://bit.ly/chak-yeosu","https://bit.ly/auto-1인피자피자먹다여수여서점","brand:1인피자 피자먹다","","","","https://bit.ly/전화-배스킨라빈스여수여서점","","","","mukkebi|ddangyo|yogiyo|coupang_eats|baemin","local_gift_app|naver_map:cross-store-source|phone_order:cross-store-source","0","review-required"
"fb798d3119a28415","60계치킨 여수미평점","https://app.notion.com/p/301da158dd2a80c1b659f0645bd2402a","https://naver.me/GCu8It8X","https://bit.ly/chak-yeosu","","brand:60계치킨","","","","","","","","direct_order|mukkebi|ddangyo|phone_order|yogiyo|coupang_eats|baemin","naver_map|local_gift_app","0","review-required"
"f0f1211ec16d7730","88시장버거 여수신월점","https://app.notion.com/p/2fcda158dd2a8003bd46c55e388d5fc7","","https://bit.ly/chak-yeosu","","brand:88시장버거","","","","","","","","naver_map|direct_order|ddangyo|phone_order|yogiyo|coupang_eats|baemin","","0","review-required"
"361f855efc21c1c2","가마치통닭 여서점","https://app.notion.com/p/2f3da158dd2a808e97dcc2d9bf2e8fe8","https://bit.ly/네이버지도-가마치통닭여서점","https://bit.ly/chak-yeosu","https://bit.ly/auto-가마치통닭여서점","brand:가마치통닭","https://bit.ly/mk-가마치통닭여서점","","","https://bit.ly/전화-가마치통닭여서점","","","","ddangyo|yogiyo|coupang_eats|baemin","","0","review-required"
"0f82d1d73f86371d","가마치통닭 여수전남대점","https://app.notion.com/p/2f3da158dd2a80868529f3a160d8fdc1","https://naver.me/5EnPD5bu","https://bit.ly/chak-yeosu","","brand:가마치통닭","","","","","","","","direct_order|mukkebi|ddangyo|phone_order|yogiyo|coupang_eats|baemin","naver_map","0","review-required"
"7432d966de3f75ab","감탄떡볶이 문수점","https://app.notion.com/p/2fdda158dd2a80438ef8d74a949733e2","https://bit.ly/네이버지도-감탄떡볶이문수점","https://bit.ly/chak-yeosu","https://bit.ly/auto-감탄떡볶이문수점","brand:감탄떡볶이","https://bit.ly/mk-보드람치킨여수여서점","","","https://bit.ly/전화-감탄떡볶이문수점","","https://bit.ly/cu-감탄떡볶이문수점","https://bit.ly/bm-감탄떡볶이문수점","ddangyo|yogiyo","local_gift_app|mukkebi","0","review-required"
"e57c51a4f6294349","계근상 여수본점(문수동)","https://app.notion.com/p/302da158dd2a8032b317e4e3c155af5f","","https://bit.ly/chak-yeosu","https://bit.ly/auto-계근상여수본점","brand:계근상 여수본점(문수동)","https://bit.ly/mk-보드람치킨여수여서점","","","https://bit.ly/전화-계근상여수본점","","","","ddangyo|yogiyo|coupang_eats|baemin","local_gift_app|mukkebi","0","review-required"
"6d48c7e2bca79c18","계동치킨 여문점(먹깨비,땡겨요로 주문시 음료스 서비스)","https://app.notion.com/p/2ebda158dd2a80beb547c45a55f2f721","","https://bit.ly/chak-yeosu","","brand:계동치킨 여문점(먹깨비,땡겨요로 주문시 음료스 서비스)","https://bit.ly/mk-계동치킨","","","","","https://bit.ly/cu-계동치킨","https://bit.ly/bm-계동치킨","ddangyo|phone_order|yogiyo","","0","review-required"
"f7385d8006310630","국민학교","https://app.notion.com/p/31fda158dd2a8090854fcb00c928888a","https://bit.ly/네이버지도-국민학교","https://bit.ly/chak-yeosu","https://bit.ly/auto-국민학교","brand:국민학교","https://bit.ly/mk-보드람치킨여수여서점","","","https://bit.ly/전화-국민학교","","","","ddangyo|yogiyo|coupang_eats|baemin","local_gift_app|mukkebi","0","review-required"
"f6d0e57091aa21ab","굽네치킨&피자 문수점","https://app.notion.com/p/31eda158dd2a80aba8d2c7139259b8b3","https://bit.ly/네이버지도-배스킨라빈스여수여서점","https://bit.ly/chak-yeosu","https://bit.ly/auto-굽네치킨피자여수문수점","brand:굽네치킨&피자","https://bit.ly/mk-보드람치킨여수여서점","","","https://bit.ly/전화-배스킨라빈스여수여서점","","","","ddangyo|yogiyo|coupang_eats|baemin","local_gift_app|mukkebi|naver_map:cross-store-source|phone_order:cross-store-source","0","review-required"
"0836fdf722805702","굽네치킨&피자 여수미평점","https://app.notion.com/p/2f6da158dd2a8092a251ca7553a34391","","https://bit.ly/chak-yeosu","","brand:굽네치킨&피자","","","","","","","","naver_map|direct_order|mukkebi|ddangyo|phone_order|yogiyo|coupang_eats|baemin","","0","review-required"
"895a9425dc41ddf7","금성칡냉면 미평점","https://app.notion.com/p/324da158dd2a8032b82de778963b1c31","https://bit.ly/네이버지도-금성칡냉면미평점","https://bit.ly/chak-yeosu","https://bit.ly/auto-금성칡냉면미평점","brand:금성칡냉면","https://bit.ly/mk-보드람치킨여수여서점","","","https://bit.ly/전화-금성칡냉면미평점","","https://bit.ly/cu-금성칡냉면미평점","https://bit.ly/bm-금성칡냉면미평점","ddangyo|yogiyo","local_gift_app|mukkebi","0","review-required"
"450eb70e506c2de9","금쪽갈비 여수점","https://app.notion.com/p/2feda158dd2a809497e3e1e121c61095","https://bit.ly/네이버지도-배스킨라빈스여수여서점","https://bit.ly/chak-yeosu","https://bit.ly/auto-금쪽갈비여수점","brand:금쪽갈비","https://bit.ly/mk-보드람치킨여수여서점","","","https://bit.ly/전화-배스킨라빈스여수여서점","","","","ddangyo|yogiyo|coupang_eats|baemin","local_gift_app|mukkebi|naver_map:cross-store-source|phone_order:cross-store-source","0","review-required"
"f499191f0f57acc7","기영이 숯불두마리치킨 여수여서점","https://app.notion.com/p/2f0da158dd2a8098be41d7cd78bd8836","https://bit.ly/기영이숯불두마리치킨여수여서점네이버지도","https://bit.ly/chak-yeosu","https://bit.ly/auto-기영이숯불두마리치킨여수여서점","brand:기영이 숯불두마리치킨","https://bit.ly/mk-맘스터치문수점","","","","","https://bit.ly/cu-기영이숯불두마리치킨여수여서점","https://bit.ly/bm-기영이숯불두마리치킨여수여서점","ddangyo|phone_order|yogiyo","local_gift_app|mukkebi","0","review-required"
"888abbb8bf28aa2f","김종구식 맛치킨 전기바베큐 옛날통닭 여서점","https://app.notion.com/p/34bda158dd2a801a9f9ef1379ac363d0","https://bit.ly/네이버지도-배스킨라빈스여수여서점","https://bit.ly/chak-yeosu","https://bit.ly/auto-김종구식맛치킨전기바베큐옛날통닭여수여서점","brand:김종구식 맛치킨 전기바베큐 옛날통닭","https://bit.ly/mk-보드람치킨여수여서점","","","https://bit.ly/전화-배스킨라빈스여수여서점","","","","yogiyo|coupang_eats|baemin","local_gift_app|mukkebi|naver_map:cross-store-source|phone_order:cross-store-source","0","review-required"
"cb6098165692c227","김치찜은 못참지 미평점","https://app.notion.com/p/33eda158dd2a80cbab23f137202a5b35","","https://bit.ly/chak-yeosu","","brand:김치찜은 못참지","","","","","","","","direct_order|mukkebi|ddangyo|phone_order|yogiyo|coupang_eats|baemin","local_gift_app","0","review-required"
"ec69425551829f69","까치식당 문수점","https://app.notion.com/p/2feda158dd2a80588801f5bca8c0e621","https://bit.ly/네이버지도-까치식당","https://bit.ly/chak-yeosu","https://bit.ly/auto-까치식당","brand:까치식당","https://bit.ly/mk-보드람치킨여수여서점","","","https://bit.ly/전화-까치식당","","","","ddangyo|coupang_eats|baemin","local_gift_app|mukkebi","0","review-required"
"088abdb69cb8a6a2","나도국밥 오림점","https://app.notion.com/p/36eda158dd2a80f7b6b1fdcc7ce44fed","https://naver.me/FyxVu5UQ","https://bit.ly/chak-yeosu","","brand:나도국밥","","","","","","","","direct_order|mukkebi|phone_order|yogiyo|baemin","naver_map|local_gift_app","0","review-required"
"10b54f62f36e9854","내조국 국밥 여수관문점","https://app.notion.com/p/2fcda158dd2a80adb0d2d8245be21c35","","https://bit.ly/chak-yeosu","","brand:내조국 국밥","","","","","","","","naver_map|direct_order|mukkebi|ddangyo|phone_order|yogiyo|coupang_eats|baemin","","0","review-required"
"446987616ddf6443","내조국 국밥 터미널점","https://app.notion.com/p/34bda158dd2a80fab341c964971a8f6d","https://naver.me/xUtWD2vQ","https://bit.ly/chak-yeosu","","brand:내조국 국밥","","","","","","","","direct_order|mukkebi|phone_order|baemin","naver_map|local_gift_app","0","review-required"
"884d23981fd2429a","네네치킨 둔덕미평점","https://app.notion.com/p/31ada158dd2a80da822de9b634706871","https://bit.ly/네이버지도-배스킨라빈스여수여서점","https://bit.ly/chak-yeosu","https://bit.ly/auto-네네치킨둔덕미평점","brand:네네치킨","https://bit.ly/mk-보드람치킨여수여서점","","","","","","","ddangyo|phone_order|yogiyo|coupang_eats|baemin","local_gift_app|mukkebi|naver_map:cross-store-source","0","review-required"
"a93abf2f62c2dd79","노랑통닭 여수봉산점","https://app.notion.com/p/2f4da158dd2a80c39bbdea4906cdeda2","https://naver.me/5Kbu0eUq","https://bit.ly/chak-yeosu","","brand:노랑통닭","http://mukkebi.com/shop.php?data=181121","","","","","","","direct_order|ddangyo|phone_order|yogiyo|coupang_eats|baemin","naver_map|local_gift_app","0","review-required"
"83efed7d2768d111","늘 커피","https://app.notion.com/p/2e8da158dd2a80918a58f7940a734d03","","https://bit.ly/chak-yeosu","","brand:늘 커피","https://bit.ly/mk-neul","","","","","https://bit.ly/cu-neul","https://bit.ly/bm-neul","ddangyo|phone_order|yogiyo","","0","review-required"
"0d3062d5a5b94697","다기야치킨 여문점","https://app.notion.com/p/304da158dd2a80c08d73ce23e9f0d2bb","https://bit.ly/네이버지도-배스킨라빈스여수여서점","https://bit.ly/chak-yeosu","https://bit.ly/auto-다기야치킨여문점","brand:다기야치킨","http://mukkebi.com/shop.php?data=68489","","","https://bit.ly/전화-배스킨라빈스여수여서점","","","","ddangyo|coupang_eats|baemin","local_gift_app|naver_map:cross-store-source|phone_order:cross-store-source","0","review-required"
"9e0a2da7ddfa3d93","다정아구 미평","https://app.notion.com/p/31ada158dd2a807290efd0e6d658e742","https://bit.ly/네이버지도-다정아구","https://bit.ly/chak-yeosu","https://bit.ly/auto-다정아구","brand:다정아구 미평","https://bit.ly/mk-보드람치킨여수여서점","","","https://bit.ly/전화-다정아구","","","","ddangyo|baemin","local_gift_app|mukkebi","0","review-required"
"8a219b158c321627","닭가대표 숯불직화구이치킨 여수대표점","https://app.notion.com/p/300da158dd2a8092a711d50955fa4905","https://bit.ly/네이버지도-닭가대표숯불직화구이치킨여수대표점","https://bit.ly/chak-yeosu","https://bit.ly/auto-닭가대표숯불직화구이치킨여수대표점","brand:닭가대표 숯불직화구이치킨","https://bit.ly/mk-보드람치킨여수여서점","","","https://bit.ly/전화-닭가대표숯불직화구이치킨여수대표점","","","","ddangyo|yogiyo|coupang_eats|baemin","local_gift_app|mukkebi","0","review-required"
"eb850ecfb17945a7","당빙땡 여수점","https://app.notion.com/p/2f9da158dd2a806c88cbfc1d1c727bff","","https://bit.ly/chak-yeosu","","brand:당빙땡","","","","","","","","naver_map|direct_order|mukkebi|ddangyo|phone_order|yogiyo|coupang_eats|baemin","local_gift_app","0","review-required"
"f31d8c5f04fb7b79","대박난쪽갈비 여수점","https://app.notion.com/p/2feda158dd2a80c080a2fe42842ec53c","https://bit.ly/네이버지도-대박난쪽갈비여수점","https://bit.ly/chak-yeosu","https://bit.ly/auto-대박난쪽갈비여수점","brand:대박난쪽갈비","https://bit.ly/mk-보드람치킨여수여서점","","","https://bit.ly/전화-대박난쪽갈비여수점","","","","ddangyo|yogiyo|coupang_eats|baemin","local_gift_app|mukkebi","0","review-required"
"5fd5f9ecd8251999","대박삼겹김치찜","https://app.notion.com/p/2e7da158dd2a80bd83f4fcd09685bf79","https://bit.ly/대박삼겹김치찜네이버지도","https://bit.ly/chak-yeosu","","brand:대박삼겹김치찜","https://bit.ly/mk-daebak","","","","","https://bit.ly/cu-daebak","https://bit.ly/bm-daebak","ddangyo|phone_order|yogiyo","","0","review-required"
"406b4a0b39f729fc","대정식당 미평점","https://app.notion.com/p/31fda158dd2a80a0a743c316f08c0990","https://bit.ly/네이버지도-대정식당","https://bit.ly/chak-yeosu","https://bit.ly/auto-대정식당","brand:대정식당","https://bit.ly/mk-보드람치킨여수여서점","","","https://bit.ly/전화-대정식당","","","","ddangyo|yogiyo|baemin","local_gift_app|mukkebi","0","review-required"
"dabbebff4fca3c56","대패가1900 문수점","https://app.notion.com/p/300da158dd2a8062b63cde87c4415628","https://bit.ly/네이버지도-배스킨라빈스여수여서점","https://bit.ly/chak-yeosu","https://bit.ly/auto-대패가1900문수점","brand:대패가1900","https://bit.ly/mk-보드람치킨여수여서점","","","https://bit.ly/전화-배스킨라빈스여수여서점","","","","yogiyo|coupang_eats|baemin","local_gift_app|mukkebi|naver_map:cross-store-source|phone_order:cross-store-source","0","review-required"
"452526604d3b10c4","더벤티 미평점","https://app.notion.com/p/2f9da158dd2a80ceaedbf08f4d41c7b3","","https://bit.ly/chak-yeosu","","brand:더벤티","https://bit.ly/mk-보드람치킨여수여서점","","","","","","","naver_map|direct_order|ddangyo|phone_order|yogiyo|coupang_eats|baemin","local_gift_app|mukkebi","0","review-required"
"45dc9cf61ba55263","덮덮밥 미평점","https://app.notion.com/p/30cda158dd2a808e8039fb581cc41616","https://bit.ly/네이버지도-배스킨라빈스여수여서점","https://bit.ly/chak-yeosu","https://bit.ly/auto-덮덮밥미평점","brand:덮덮밥","","","","https://bit.ly/전화-배스킨라빈스여수여서점","","https://bit.ly/cu-덮덮밥미평점","https://bit.ly/bm-덮덮밥미평점","mukkebi|ddangyo|yogiyo","naver_map:cross-store-source|phone_order:cross-store-source","0","review-required"
"8cf43f95e569fe29","도란도란","https://app.notion.com/p/348da158dd2a80898963f36f575a8cf7","https://naver.me/56XrDdXp","https://bit.ly/chak-yeosu","","brand:도란도란","","","","","","","","direct_order|mukkebi|phone_order|yogiyo|coupang_eats|baemin","naver_map|local_gift_app","0","review-required"
"dc638b23f8cf3c5b","도미노피자 문수점","https://app.notion.com/p/2eada158dd2a80518569cfdb0e2f6404","","https://bit.ly/chak-yeosu","https://bit.ly/auto-domino","brand:도미노피자","https://bit.ly/mk-domino","https://bit.ly/tk-domino","","https://app.notion.com/p/2eada158dd2a8068afb6f23f9db03827","https://ws.yogiyo.co.kr/pr4iuz","https://bit.ly/cu-domino","https://s.baemin.com/SX000g4Va4QSH","","local_gift_app","0","fixed"
"1ecbe36dd1efafed","돈치킨 여수둔덕봉계점","https://app.notion.com/p/2fcda158dd2a80efb2a1c94087ebe615","https://bit.ly/네이버지도-돈치킨여수둔덕봉계점","https://bit.ly/chak-yeosu","https://bit.ly/auto-돈치킨여수둔덕봉계점","brand:돈치킨","https://bit.ly/mk-보드람치킨여수여서점","","","https://bit.ly/전화-돈치킨여수둔덕봉계점","","https://bit.ly/cu-돈치킨여수둔덕봉계점","https://bit.ly/bm-돈치킨여수둔덕봉계점","ddangyo|yogiyo","local_gift_app","0","review-required"
"9fb6e32d9f70edc1","두찜 여수 봉계점","https://app.notion.com/p/367da158dd2a809abbd0eb33c9656a03","https://naver.me/FCAbllei","https://bit.ly/chak-yeosu","","brand:두찜 여수","","","","","","","","direct_order|ddangyo|phone_order|yogiyo|coupang_eats|baemin","naver_map|local_gift_app","0","review-required"
"2dda90913b0b1a4c","두찜 여수국동점","https://app.notion.com/p/2f0da158dd2a804cb0ddde0367597df0","","https://bit.ly/chak-yeosu","https://bit.ly/auto-두찜여수국동점","brand:두찜","https://bit.ly/mk-두찜여수국동점","","","","","https://bit.ly/cu-두찜여수국동점","https://bit.ly/bm-두찜여수국동점","ddangyo|phone_order|yogiyo","local_gift_app","0","review-required"
"996f54c7c66ec979","등뼈감자탕 미평점","https://app.notion.com/p/301da158dd2a80b1ab50e69357f296ab","","https://bit.ly/chak-yeosu","","brand:등뼈감자탕","","","","","","","","naver_map|direct_order|mukkebi|ddangyo|phone_order|coupang_eats|baemin","local_gift_app","0","review-required"
"d6602c793047b361","뚜레쥬르 여수미평점","https://app.notion.com/p/318da158dd2a8085b930f449ce74776f","https://bit.ly/네이버지도-배스킨라빈스여수여서점","https://bit.ly/chak-yeosu","https://bit.ly/auto-뚜레쥬르여수미평점","brand:뚜레쥬르","","","","https://bit.ly/전화-배스킨라빈스여수여서점","","https://bit.ly/cu-뚜레쥬르여수미평점","https://bit.ly/bm-뚜레쥬르여수미평점","ddangyo|yogiyo","local_gift_app|naver_map:cross-store-source|phone_order:cross-store-source","0","review-required"
"30d2edbcabcca6ec","뚜레쥬르 여수여서점","https://app.notion.com/p/34bda158dd2a80aa877be5feac2193da","https://bit.ly/네이버지도-배스킨라빈스여수여서점","https://bit.ly/chak-yeosu","https://bit.ly/auto-뚜레쥬르여수여서점","brand:뚜레쥬르","https://bit.ly/mk-보드람치킨여수여서점","","","https://bit.ly/전화-배스킨라빈스여수여서점","","https://bit.ly/cu-뚜레쥬르여수여서점","https://bit.ly/bm-뚜레쥬르여수여서점","ddangyo|yogiyo","local_gift_app|mukkebi|naver_map:cross-store-source|phone_order:cross-store-source","0","review-required"
"3a6078da746f1953","라홍방마라탕 문수점","https://app.notion.com/p/2ecda158dd2a800e8adfe09d815aac8c","","https://bit.ly/chak-yeosu","","brand:라홍방마라탕","https://bit.ly/mk-맘스터치문수점","","","","","https://bit.ly/cu-라홍방마라탕문수점","https://bit.ly/bm-라홍방마라탕문수점","direct_order|ddangyo|phone_order|yogiyo","local_gift_app|mukkebi","0","review-required"
"cfe1c17e1840e7d3","라홍방마라탕 여수미평점","https://app.notion.com/p/2f6da158dd2a807d8350c394a649db09","","https://bit.ly/chak-yeosu","","brand:라홍방마라탕","","","","","","","","naver_map|direct_order|ddangyo|phone_order|yogiyo|coupang_eats|baemin","","0","review-required"
"f7167d017e7368e7","롤링파스타 여서점","https://app.notion.com/p/2feda158dd2a801da0b0d8d6f42a61f1","https://bit.ly/네이버지도-배스킨라빈스여수여서점","https://bit.ly/chak-yeosu","https://bit.ly/auto-롤링파스타여서점","brand:롤링파스타","https://bit.ly/mk-보드람치킨여수여서점","","","https://bit.ly/전화-배스킨라빈스여수여서점","","https://bit.ly/cu-롤링파스타여서점","https://bit.ly/bm-롤링파스타여서점","ddangyo","local_gift_app|mukkebi|naver_map:cross-store-source|phone_order:cross-store-source","0","review-required"
"cabd6b395f6099e2","롯데리아 국동점","https://app.notion.com/p/2e7da158dd2a80dca81ec893c6d1f60b","","https://bit.ly/chak-yeosu","https://bit.ly/auto-lotte1","brand:롯데리아","","","","","","https://bit.ly/cu-lotte1","https://bit.ly/bm-lotte1","ddangyo|phone_order","","0","review-required"
"e0c6949efb48f4b2","롯데리아 이마트점","https://app.notion.com/p/2e8da158dd2a80528750d501658159bd","","https://bit.ly/chak-yeosu","","brand:롯데리아","https://bit.ly/mk-롯데리아이마트점","","","","","https://bit.ly/cu-롯데리아이마트점","https://bit.ly/bm-lotte","direct_order|phone_order|yogiyo","","0","review-required"
"6092aabddf5f7194","롯데리아 중앙점","https://app.notion.com/p/2e6da158dd2a80f4bd73dd5a5c762fef","https://naver.me/G4Le7KTp","https://bit.ly/chak-yeosu","https://bit.ly/auto-lotte","brand:롯데리아","https://bit.ly/mk-lotte","","","","","","","ddangyo|phone_order|yogiyo|coupang_eats|baemin","naver_map|local_gift_app","0","review-required"
"2bd8ea8779f87995","리얼펍살얼음맥주 여수문수점","https://app.notion.com/p/305da158dd2a809db4f1f9fa54f5c3ea","https://bit.ly/네이버지도-리얼펍살얼음맥주여수문수점","https://bit.ly/chak-yeosu","https://bit.ly/auto-리얼펍살얼음맥주여수문수점","brand:리얼펍살얼음맥주","https://bit.ly/mk-보드람치킨여수여서점","","","https://bit.ly/전화-리얼펍살얼음맥주여수문수점","","https://bit.ly/cu-리얼펍살얼음맥주여수문수점","https://bit.ly/bm-리얼펍살얼음맥주여수문수점","ddangyo|yogiyo","local_gift_app|mukkebi","0","review-required"
"27ea3ca86eab89ec","린차이나(먹깨비,땡겨요로 주문시 만두 서비스!!!)","https://app.notion.com/p/323da158dd2a801ca3a6fe9161851afe","https://bit.ly/네이버지도-린차이나","https://bit.ly/chak-yeosu","https://bit.ly/auto-린차이나","brand:린차이나(먹깨비,땡겨요로 주문시 만두 서비스!!!)","https://bit.ly/mk-보드람치킨여수여서점","","","https://bit.ly/전화-린차이나","","","","ddangyo|yogiyo|coupang_eats|baemin","local_gift_app|mukkebi","0","review-required"
"ce5dccb3d6031316","마선생 얼큰국밥","https://app.notion.com/p/2e9da158dd2a8076bb67ef65db184ca0","","https://bit.ly/chak-yeosu","https://bit.ly/auto-masun","brand:마선생 얼큰국밥","https://bit.ly/mk-masun","","","","","","","ddangyo|phone_order|yogiyo|coupang_eats|baemin","local_gift_app","0","review-required"
"10db3b0db6ebf8c5","맘스터치 문수점","https://app.notion.com/p/2ebda158dd2a8015b97ec8a11e9af6ab","https://bit.ly/맘스터치문수점네이버지도","https://bit.ly/chak-yeosu","https://bit.ly/auto-맘스터치문수점","brand:맘스터치","https://bit.ly/mk-맘스터치문수점","","","","","","","ddangyo|phone_order|yogiyo|coupang_eats|baemin","local_gift_app","0","review-required"
"1d729c41283c6026","맘스터치 여수미평점","https://app.notion.com/p/2f9da158dd2a8013b034f1ffae05e8f9","","https://bit.ly/chak-yeosu","","brand:맘스터치","","","","","","","","naver_map|direct_order|mukkebi|ddangyo|phone_order|yogiyo|coupang_eats|baemin","local_gift_app","0","review-required"
"039652f6eff5f6d7","맛집남도밀면","https://app.notion.com/p/31fda158dd2a803db0f0ea4cf62ff37a","https://bit.ly/네이버지도-맛집남도밀면","https://bit.ly/chak-yeosu","https://bit.ly/auto-맛집남도밀면","brand:맛집남도밀면","https://bit.ly/mk-보드람치킨여수여서점","","","https://bit.ly/전화-맛집남도밀면","","","","ddangyo","local_gift_app|mukkebi","0","review-required"
"92c0c6cc2688ef0d","미미꼬마김밥 여서점","https://app.notion.com/p/34bda158dd2a801d8ec7db274e13e0f0","https://bit.ly/네이버지도-배스킨라빈스여수여서점","https://bit.ly/chak-yeosu","https://bit.ly/auto-미미꼬마김밥여서점","brand:미미꼬마김밥","https://bit.ly/mk-보드람치킨여수여서점","","","https://bit.ly/전화-배스킨라빈스여수여서점","","https://bit.ly/cu-미미꼬마김밥여서점","https://bit.ly/bm-미미꼬마김밥여서점","ddangyo|yogiyo","local_gift_app|mukkebi|naver_map:cross-store-source|phone_order:cross-store-source","0","review-required"
"7a151d290e01dc51","미치게 본점","https://app.notion.com/p/2ffda158dd2a802ab278f6f4ff571dfd","https://bit.ly/네이버지도-미치게본점","https://bit.ly/chak-yeosu","https://bit.ly/auto-미치게본점","brand:미치게","https://bit.ly/mk-보드람치킨여수여서점","","","https://bit.ly/전화-미치게본점","","","","ddangyo|coupang_eats|baemin","local_gift_app|mukkebi","0","review-required"
"00720e7025646b7f","미평햄버거 본점","https://app.notion.com/p/335da158dd2a801ebbe6d3186bb33596","","https://bit.ly/chak-yeosu","","brand:미평햄버거","","","","","","","","naver_map|direct_order|ddangyo|phone_order|yogiyo|baemin","local_gift_app","0","review-required"
"720bbd7fb87816a7","반올림피자 여수미평점","https://app.notion.com/p/2edda158dd2a8081b817fc988baa4fe6","","https://bit.ly/chak-yeosu","https://bit.ly/auto-반올림피자여수미평점","brand:반올림피자","https://bit.ly/mk-60계치킨여서문수점","","","","","https://bit.ly/cu-반올림피자여수미평점","https://bit.ly/bm-반올림피자여수미평점","ddangyo|phone_order|yogiyo","local_gift_app|mukkebi","0","review-required"
"c938cc2ee278ce23","배떡 여수점","https://app.notion.com/p/2f1da158dd2a80198842cbd0b10dbfa0","https://bit.ly/배떡여수점네이버지도","https://bit.ly/chak-yeosu","https://bit.ly/auto-배떡여수점","brand:배떡","https://bit.ly/mk-배떡여수점","","","","","https://bit.ly/cu-배떡여수점","https://bit.ly/bm-배떡여수점","ddangyo|phone_order|yogiyo","","0","review-required"
"6286966a0169a76b","배스킨라빈스 여수미평점","https://app.notion.com/p/33dda158dd2a80bc9a58fc213cd8cab0","","https://bit.ly/chak-yeosu","","brand:배스킨라빈스","","","","","","","","naver_map|direct_order|ddangyo|phone_order|yogiyo|coupang_eats|baemin","local_gift_app","0","review-required"
"0619092f600c5be4","배스킨라빈스 여수여서점","https://app.notion.com/p/2f3da158dd2a80e09fbddb2c637ea8a7","https://bit.ly/네이버지도-배스킨라빈스여수여서점","https://bit.ly/chak-yeosu","https://bit.ly/auto-배스킨라빈스여수여서점","brand:배스킨라빈스","","","","https://bit.ly/전화-배스킨라빈스여수여서점","","https://bit.ly/cu-배스킨라빈스여수여서점","https://bit.ly/bm-배스킨라빈스여수여서점","ddangyo|yogiyo","","0","review-required"
"0987413e7ca12e2a","백년족발","https://app.notion.com/p/33cda158dd2a8041bf7acb4e513dfc34","https://bit.ly/네이버지도-배스킨라빈스여수여서점","https://bit.ly/chak-yeosu","https://bit.ly/auto-백년족발","brand:백년족발","https://bit.ly/mk-보드람치킨여수여서점","","","https://bit.ly/전화-배스킨라빈스여수여서점","","","","coupang_eats|baemin","local_gift_app|mukkebi|naver_map:cross-store-source|phone_order:cross-store-source","0","review-required"
"6c3386fc9f4a5b5b","백수초밥","https://app.notion.com/p/2feda158dd2a80a1a745ca4fc21ec289","https://bit.ly/네이버지도-배스킨라빈스여수여서점","https://bit.ly/chak-yeosu","https://bit.ly/auto-백수초밥","brand:백수초밥","https://bit.ly/mk-보드람치킨여수여서점","","","https://bit.ly/전화-배스킨라빈스여수여서점","","https://bit.ly/cu-백수초밥","https://bit.ly/bm-백수초밥","ddangyo","local_gift_app|mukkebi|naver_map:cross-store-source|phone_order:cross-store-source","0","review-required"
"40c638502decc604","백억 흑미 꼬마김밥","https://app.notion.com/p/324da158dd2a803db3f2d17aa3487d5a","https://bit.ly/네이버지도-백억흑미꼬마김밥","https://bit.ly/chak-yeosu","https://bit.ly/auto-백억흑미꼬마김밥","brand:백억 흑미 꼬마김밥","https://bit.ly/mk-보드람치킨여수여서점","","","https://bit.ly/전화-백억흑미꼬마김밥","","https://bit.ly/cu-백억흑미꼬마김밥","https://bit.ly/bm-백억흑미꼬마김밥","ddangyo|yogiyo","local_gift_app|mukkebi","0","review-required"
"57ae8848b4ccc2a1","본스치킨 미평점","https://app.notion.com/p/31eda158dd2a801999b3f457de24ff0f","https://bit.ly/네이버지도-배스킨라빈스여수여서점","https://bit.ly/chak-yeosu","https://bit.ly/auto-본스치킨미평점","brand:본스치킨","https://bit.ly/mk-보드람치킨여수여서점","","","https://bit.ly/전화-배스킨라빈스여수여서점","","","","ddangyo|yogiyo|coupang_eats|baemin","local_gift_app|mukkebi|naver_map:cross-store-source|phone_order:cross-store-source","0","review-required"
"7c03a236a9c011b4","봉구스밥버거 문수점","https://app.notion.com/p/2feda158dd2a8064ba77f1d5c3bc11ed","https://bit.ly/네이버지도-봉구스밥버거문수점","https://bit.ly/chak-yeosu","https://bit.ly/auto-봉구스밥버거문수점","brand:봉구스밥버거","https://bit.ly/mk-보드람치킨여수여서점","","","https://bit.ly/전화-봉구스밥버거문수점","","https://bit.ly/cu-봉구스밥버거문수점","https://bit.ly/bm-봉구스밥버거문수점","ddangyo|yogiyo","local_gift_app|mukkebi","0","review-required"
"8d36892e33e3536b","봉명동내커피 여수문수점","https://app.notion.com/p/2efda158dd2a80d39c60ee66d65fb843","https://bit.ly/봉명동내커피여수문수점네이버지도","https://bit.ly/chak-yeosu","https://bit.ly/auto-봉명동내커피여수문수점","brand:봉명동내커피","https://bit.ly/mk-봉명동내커피여수문수점","","","","","https://bit.ly/cu-봉명동내커피여수문수점","https://bit.ly/bm-봉명동내커피여수문수점","ddangyo|phone_order|yogiyo","local_gift_app","0","review-required"
"ba73ff085a9fe8a1","부대찌개 전쟁터","https://app.notion.com/p/2f1da158dd2a8013baa6cbba2a806c48","https://bit.ly/부대찌개전쟁터네이버지도","https://bit.ly/chak-yeosu","https://bit.ly/auto-부대찌개전쟁터","brand:부대찌개 전쟁터","https://bit.ly/mk-부대찌개전쟁터","","","","","https://bit.ly/cu-부대찌개전쟁터","https://bit.ly/bm-부대찌개전쟁터","ddangyo|phone_order|yogiyo","","0","review-required"
"c1a35b0c8903cd57","북촌손만두&피냉면 여수문수점","https://app.notion.com/p/2feda158dd2a8080b11ee43aa7d09c96","https://bit.ly/네이버지도-북촌손만두피냉면여수문수점","https://bit.ly/chak-yeosu","https://bit.ly/auto-북촌손만두피냉면여수문수점","brand:북촌손만두&피냉면","https://bit.ly/mk-보드람치킨여수여서점","","","https://bit.ly/전화-북촌손만두피냉면여수문수점","","https://bit.ly/cu-북촌손만두피냉면여수문수점","https://bit.ly/bm-북촌손만두피냉면여수문수점","ddangyo|yogiyo","local_gift_app|mukkebi","0","review-required"
"372fc26c2137b79f","불로만치킨바베큐 여서점","https://app.notion.com/p/2f5da158dd2a80d2a8eff2505d85a2b8","","https://bit.ly/chak-yeosu","","brand:불로만치킨바베큐","","","","","","","","naver_map|direct_order|mukkebi|phone_order|yogiyo|coupang_eats|baemin","","0","review-required"
"450856a6b5fd4846","비비큐 여수여서점","https://app.notion.com/p/349da158dd2a807fb4bcebd3c98f8384","","https://bit.ly/chak-yeosu","","brand:비비큐","","","","","","","","naver_map|direct_order|mukkebi|ddangyo|phone_order|yogiyo|coupang_eats|baemin","local_gift_app","0","review-required"
"29413e4ca86793cf","빙동댕 여수문수점","https://app.notion.com/p/2f6da158dd2a80228637ddf59e2fb3f0","","https://bit.ly/chak-yeosu","","brand:빙동댕","","","","","","","","naver_map|direct_order|mukkebi|ddangyo|phone_order|yogiyo|coupang_eats|baemin","","0","review-required"
"f14bc5ec109f3af0","빵빵김밥 여서점","https://app.notion.com/p/2fcda158dd2a80909257e03a9e41f591","https://bit.ly/네이버지도-빵빵김밥여서점","https://bit.ly/chak-yeosu","https://bit.ly/auto-빵빵김밥여서점","brand:빵빵김밥","https://bit.ly/mk-보드람치킨여수여서점","","","https://bit.ly/전화-빵빵김밥여서점","","","","ddangyo|yogiyo|coupang_eats|baemin","local_gift_app|mukkebi","0","review-required"
"8d21bc80dd49679e","빵위에치즈 여수점","https://app.notion.com/p/2ecda158dd2a80b1be91c0306063150f","","https://bit.ly/chak-yeosu","https://bit.ly/auto-빵위에치즈여수점","brand:빵위에치즈","https://bit.ly/mk-빵위에치즈여수점","","","","","","","ddangyo|phone_order|yogiyo|coupang_eats|baemin","local_gift_app","0","review-required"
"aa0a00258c22f377","뽕뜨락피자 여수여서점","https://app.notion.com/p/36dda158dd2a80b78cbbcfb4561d744d","","https://bit.ly/chak-yeosu","","brand:뽕뜨락피자","","","","","","","","direct_order|mukkebi|ddangyo|phone_order|yogiyo|coupang_eats|baemin","local_gift_app","0","review-required"
"9509311543276bbf","삼첩분식 미평점","https://app.notion.com/p/301da158dd2a803597e0f26b4b81e909","https://bit.ly/네이버지도-배스킨라빈스여수여서점","https://bit.ly/chak-yeosu","https://bit.ly/auto-삼첩분식미평점","brand:삼첩분식","https://bit.ly/mk-보드람치킨여수여서점","","","https://bit.ly/전화-배스킨라빈스여수여서점","","https://bit.ly/cu-삼첩분식미평점","https://bit.ly/bm-삼첩분식미평점","ddangyo|yogiyo","local_gift_app|mukkebi|naver_map:cross-store-source|phone_order:cross-store-source","0","review-required"
"90cd1600c54ce7d0","서영이네김밥 미평점","https://app.notion.com/p/2fcda158dd2a8001803fc7dd177f5ff4","https://bit.ly/네이버지도-서영이네김밥미평점","https://bit.ly/chak-yeosu","https://bit.ly/auto-서영이네김밥미평점","brand:서영이네김밥","https://bit.ly/mk-보드람치킨여수여서점","","","https://bit.ly/전화-서영이네김밥미평점","","","https://bit.ly/bm-서영이네김밥미평점","ddangyo","local_gift_app|mukkebi","0","review-required"
"6daf3c1e0dfb68fe","서울깍두기 미평직영점","https://app.notion.com/p/2f3da158dd2a800ca08fd82302f933e6","https://naver.me/IFFBRYVC","https://bit.ly/chak-yeosu","https://bit.ly/auto-서울깍두기미평직영점","brand:서울깍두기","https://bit.ly/mk-서울깍두기미평직영점","","","","","","","ddangyo|phone_order|yogiyo|coupang_eats|baemin","naver_map","0","review-required"
"944533e323d7707e","서울해장국","https://app.notion.com/p/2fcda158dd2a80db9819c2f9978a7854","","https://bit.ly/chak-yeosu","","brand:서울해장국","","","","","","","","naver_map|direct_order|mukkebi|ddangyo|phone_order|yogiyo|coupang_eats|baemin","","0","review-required"
"a2f437f54b756898","소풍 미평점","https://app.notion.com/p/2ebda158dd2a8047a070f09f9ae40469","","https://bit.ly/chak-yeosu","https://bit.ly/auto-소풍","brand:소풍","","","","","","","https://bit.ly/bm-소풍","ddangyo|phone_order|yogiyo","","0","review-required"
"67a9e4f14c8c7ea4","손수김밥 양지점","https://app.notion.com/p/330da158dd2a80568714c6cd5c395c63","https://naver.me/x6AIwcAt","https://bit.ly/chak-yeosu","","brand:손수김밥","","","","","","","","direct_order|mukkebi|ddangyo|phone_order|yogiyo|coupang_eats|baemin","naver_map","0","review-required"
"c59a5a8f5a91ce24","수해복마라탕 여수미평점","https://app.notion.com/p/31eda158dd2a8091986bd92f0d3281e5","https://bit.ly/네이버지도-수해복마라탕여수미평점","https://bit.ly/chak-yeosu","https://bit.ly/auto-수해복마라탕여수미평점","brand:수해복마라탕","https://bit.ly/mk-보드람치킨여수여서점","","","https://bit.ly/전화-수해복마라탕여수미평점","","https://bit.ly/cu-수해복마라탕여수미평점","https://bit.ly/bm-수해복마라탕여수미평점","ddangyo|yogiyo","local_gift_app|mukkebi","0","review-required"
"1945b6a42e0da33c","쉐프의 생 안심탕수육 문수점","https://app.notion.com/p/303da158dd2a80a7a87ac2acd31f2968","","https://bit.ly/chak-yeosu","https://bit.ly/auto-쉐프의생안심탕수육문수점","brand:쉐프의 생 안심탕수육","https://bit.ly/mk-보드람치킨여수여서점","","","https://bit.ly/전화-쉐프의생안심탕수육문수점","","https://bit.ly/cu-쉐프의생안심탕수육문수점","","ddangyo|yogiyo","local_gift_app|mukkebi","0","review-required"
"709d27cafd434e30","시민족발보쌈","https://app.notion.com/p/2f6da158dd2a80ab9c16d70647e1d012","","https://bit.ly/chak-yeosu","","brand:시민족발보쌈","","","","","","","","","","0","verified"
"c057c0a0076a8eb1","시원밀면냉면 여수점","https://app.notion.com/p/357da158dd2a802ea8dace62da48cd2d","","https://bit.ly/chak-yeosu","","brand:시원밀면냉면","","","","","","","","","","0","verified"
"d89dce51902e9756","써브웨이 여서점","https://app.notion.com/p/2ebda158dd2a8064ad32c4997bb8ba0a","","https://bit.ly/chak-yeosu","https://bit.ly/auto-써브웨이여서점","brand:써브웨이","","","","","","https://bit.ly/cu-써브웨이여서점","https://bit.ly/bm-써브웨이여서점","phone_order|yogiyo","","0","review-required"
"8d9e961a6ffd106f","쑝쑝돈까스 여수미평점","https://app.notion.com/p/2f8da158dd2a809bba1de1a9e37385b1","","https://bit.ly/chak-yeosu","","brand:쑝쑝돈까스","https://bit.ly/mk-보드람치킨여수여서점","","","","","","","naver_map|direct_order|ddangyo|phone_order|yogiyo|coupang_eats|baemin","local_gift_app|mukkebi","0","review-required"
"4d45e2363f0a18dd","아구회관","https://app.notion.com/p/34bda158dd2a809dbc2ef7f17fb284c6","https://bit.ly/네이버지도-배스킨라빈스여수여서점","https://bit.ly/chak-yeosu","https://bit.ly/auto-아구회관","brand:아구회관","https://bit.ly/mk-보드람치킨여수여서점","","","https://bit.ly/전화-배스킨라빈스여수여서점","","","","ddangyo|yogiyo|coupang_eats|baemin","local_gift_app|naver_map:cross-store-source|phone_order:cross-store-source","0","review-required"
"c56d65926bf2b224","아주커치킨 둔덕점","https://app.notion.com/p/2e4da158dd2a80a0b157fe0c61a9861f","https://naver.me/GGGB2iFG","https://bit.ly/chak-yeosu","https://bit.ly/auto-yeosu1","brand:아주커치킨","https://bit.ly/mk-yeosu","","","","","","","ddangyo|phone_order|yogiyo|coupang_eats|baemin","local_gift_app","0","review-required"
"e66f136d0e468b6e","아주커치킨 문수점","https://app.notion.com/p/2edda158dd2a80d08e8fc9a9218dae7f","","https://bit.ly/chak-yeosu","https://bit.ly/auto-아주커치킨문수점","brand:아주커치킨","https://bit.ly/mk-맘스터치문수점","","","","","https://bit.ly/cu-아주커치킨문수점","https://bit.ly/bm-아주커치킨문수점","ddangyo|phone_order|yogiyo","local_gift_app|mukkebi","0","review-required"
"cea43a5971a17628","아주커치킨 미평점","https://app.notion.com/p/333da158dd2a80a981a8c4e9e203046b","https://naver.me/5eT4UfUA","https://bit.ly/chak-yeosu","","brand:아주커치킨","","","","","","","","direct_order|mukkebi|ddangyo|phone_order|yogiyo|coupang_eats|baemin","naver_map|local_gift_app","0","review-required"
"c7a234ae0185bdee","아차산매운떡볶이 여수점","https://app.notion.com/p/33cda158dd2a8080991def63400be976","","https://bit.ly/chak-yeosu","","brand:아차산매운떡볶이","","","","","","","","direct_order|mukkebi|phone_order|coupang_eats|baemin","","0","review-required"
"da8665eac406cc04","앨리스토리커피","https://app.notion.com/p/2edda158dd2a8043bb20d57e14f44c47","https://bit.ly/앨리스토리커피네이버지도","https://bit.ly/chak-yeosu","https://bit.ly/auto-앨리스토리커피","brand:앨리스토리커피","https://bit.ly/mk-앨리스토리커피","","","","","","","ddangyo|phone_order","local_gift_app","0","review-required"
"170c2c5b7b5a24c1","양지골수육","https://app.notion.com/p/31fda158dd2a80799ceff7d3d52bd6af","https://bit.ly/네이버지도-양지골수육","https://bit.ly/chak-yeosu","https://bit.ly/auto-양지골수육","brand:양지골수육","https://bit.ly/mk-보드람치킨여수여서점","","","https://bit.ly/전화-양지골수육","","","","ddangyo","local_gift_app|mukkebi","0","review-required"
"4b2a2803e3a4c80a","양철북곱창 미평점","https://app.notion.com/p/319da158dd2a80d78e4cf3e288438399","https://bit.ly/네이버지도-배스킨라빈스여수여서점","https://bit.ly/chak-yeosu","https://bit.ly/auto-양철북곱창여수미평점","brand:양철북곱창","https://bit.ly/mk-보드람치킨여수여서점","","","https://bit.ly/전화-배스킨라빈스여수여서점","","","","yogiyo|coupang_eats|baemin","local_gift_app|mukkebi|naver_map:cross-store-source|phone_order:cross-store-source","0","review-required"
"a60a8b15c1648b9b","여수 돌산 꽈배기","https://app.notion.com/p/302da158dd2a803b96f9d9ae92d38785","https://bit.ly/네이버지도-배스킨라빈스여수여서점","https://bit.ly/chak-yeosu","https://bit.ly/auto-여수돌산꽈배기","brand:여수 돌산 꽈배기","","","","https://bit.ly/전화-배스킨라빈스여수여서점","","https://bit.ly/cu-여수돌산꽈배기","https://bit.ly/bm-여수돌산꽈배기","ddangyo|yogiyo","naver_map:cross-store-source|phone_order:cross-store-source","0","review-required"
"48a8921c93fca359","여수대표치킨","https://app.notion.com/p/324da158dd2a807aa5facf215846d1b9","https://bit.ly/네이버지도-여수대표치킨","https://bit.ly/chak-yeosu","https://bit.ly/auto-여수대표치킨","brand:여수대표치킨","https://bit.ly/mk-보드람치킨여수여서점","","","https://bit.ly/전화-여수대표치킨","","","","","local_gift_app|mukkebi","0","review-required"
"5a4fee4e5893eb6c","여수숯불창고","https://app.notion.com/p/34cda158dd2a80aba984fe2caf1b1959","https://naver.me/x3jFnDxP","https://bit.ly/chak-yeosu","","brand:여수숯불창고","","","","","","","","direct_order|mukkebi|phone_order|baemin","naver_map|local_gift_app","0","review-required"
"b878080708bef825","여수싱싱회&육회 문수본점","https://app.notion.com/p/2ffda158dd2a800a9290e2af9872221f","https://bit.ly/네이버지도-여수싱싱회육회문수본점","https://bit.ly/chak-yeosu","https://bit.ly/auto-여수싱싱회육회문수본점","brand:여수싱싱회&육회","https://bit.ly/mk-보드람치킨여수여서점","","","https://bit.ly/전화-여수싱싱회육회문수본점","","https://bit.ly/cu-여수싱싱회육회문수본점","https://bit.ly/bm-여수싱싱회육회문수본점","ddangyo","local_gift_app","0","review-required"
"6739ddf6736ef934","여수하늘","https://app.notion.com/p/2ffda158dd2a8067bad6c8c600bfc3ba","https://bit.ly/네이버지도-여수하늘","https://bit.ly/chak-yeosu","https://bit.ly/auto-여수하늘","brand:여수하늘","https://bit.ly/mk-보드람치킨여수여서점","","","https://bit.ly/전화-여수하늘","","","https://bit.ly/bm-여수하늘","ddangyo","local_gift_app|mukkebi","0","review-required"
"071664b07428a1d3","여수회포차","https://app.notion.com/p/2efda158dd2a803d86d0f0dbe18ab96e","https://bit.ly/앨리스토리커피네이버지도","https://bit.ly/chak-yeosu","https://bit.ly/auto-여수회포차","brand:여수회포차","https://bit.ly/mk-여수회포차","","","","","","https://bit.ly/bm-여수회포차","phone_order|yogiyo","local_gift_app","0","review-required"
"115416d8f8939ff3","여정식당 여문점","https://app.notion.com/p/2f3da158dd2a807896fef5cf31285b37","https://bit.ly/네이버지도-여정식당여문점","https://bit.ly/chak-yeosu","https://bit.ly/auto-여정식당여문점","brand:여정식당","https://bit.ly/mk-여정식당여문점","","","https://bit.ly/전화-여정식당여문점","","","","ddangyo|yogiyo|baemin","local_gift_app","0","review-required"
"4e5bc543b1be9f22","역전할머니맥주 봉산점","https://app.notion.com/p/2f5da158dd2a8090b143d678b195e5de","https://naver.me/xCiotdqc","https://bit.ly/chak-yeosu","","brand:역전할머니맥주","","","","","","","","direct_order|mukkebi|ddangyo|phone_order|coupang_eats|baemin","naver_map","0","review-required"
"a4eec3c764528112","역전할머니맥주 여수미평점","https://app.notion.com/p/33dda158dd2a80548615e3334d4f8bac","","https://bit.ly/chak-yeosu","","brand:역전할머니맥주","","","","","","","","naver_map|direct_order|ddangyo|phone_order|coupang_eats|baemin","local_gift_app","0","review-required"
"9949709e121ff949","연변양꼬치구이 미평점","https://app.notion.com/p/30cda158dd2a807b9128d24f4daefb52","https://bit.ly/네이버지도-배스킨라빈스여수여서점","https://bit.ly/chak-yeosu","https://bit.ly/auto-연변양꼬치구이미평점","brand:연변양꼬치구이","","","","https://bit.ly/전화-배스킨라빈스여수여서점","","","https://bit.ly/bm-연변양꼬치구이미평점","ddangyo|yogiyo","naver_map:cross-store-source|phone_order:cross-store-source","0","review-required"
"a8218795099e637e","오늘은 오므라이스 여수점","https://app.notion.com/p/30cda158dd2a80bd952cea9bf8c64754","https://bit.ly/네이버지도-배스킨라빈스여수여서점","https://bit.ly/chak-yeosu","https://bit.ly/auto-오늘은오므라이스여수점","brand:오늘은 오므라이스","","","","https://bit.ly/전화-배스킨라빈스여수여서점","","","","ddangyo|yogiyo|coupang_eats|baemin","naver_map:cross-store-source|phone_order:cross-store-source","0","review-required"
"48033be58064b50c","오븐에꾸운닭 여문점","https://app.notion.com/p/2fcda158dd2a80009ef5e42ebcbb8dc0","https://bit.ly/네이버지도-오븐에꾸운닭여문점","https://bit.ly/chak-yeosu","https://bit.ly/auto-오븐에꾸운닭여문점","brand:오븐에꾸운닭","https://bit.ly/mk-보드람치킨여수여서점","","","https://bit.ly/전화-오븐에꾸운닭여문점","","https://bit.ly/cu-오븐에꾸운닭여문점","https://bit.ly/bm-오븐에꾸운닭여문점","ddangyo|yogiyo","local_gift_app|mukkebi","0","review-required"
"b05ef0b1b1774d35","올떡볶이 여수봉계점","https://app.notion.com/p/31eda158dd2a80e1bff9d3ff93e8a277","https://bit.ly/네이버지도-배스킨라빈스여수여서점","https://bit.ly/chak-yeosu","https://bit.ly/auto-올떡볶이여수봉계점","brand:올떡볶이","","","","https://bit.ly/전화-배스킨라빈스여수여서점","","https://bit.ly/cu-올떡볶이여수봉계점","https://bit.ly/bm-올떡볶이여수봉계점","ddangyo|yogiyo","local_gift_app|naver_map:cross-store-source|phone_order:cross-store-source","0","review-required"
"a089d1d54720b48e","외계인피자 여수점","https://app.notion.com/p/2ebda158dd2a80259bdfe256ddd5e46c","","https://bit.ly/chak-yeosu","https://bit.ly/auto-외계인피자여수점","brand:외계인피자","https://bit.ly/mk-외계인피자여수점","","","","","","","ddangyo|phone_order|yogiyo|coupang_eats|baemin","local_gift_app","0","review-required"
"3bfcc2140b2e0e0c","요거트월드 여서점","https://app.notion.com/p/2ebda158dd2a804cb5b5d68b6877984b","https://naver.me/xNpgMCS9","https://bit.ly/chak-yeosu","https://bit.ly/auto-요거트월드여서점","brand:요거트월드","http://mukkebi.com/shop.php?data=184705","","","","","","","ddangyo|phone_order|yogiyo|coupang_eats|baemin","local_gift_app","0","review-required"
"b016e6c2fc4217ea","요아정 여수여서점","https://app.notion.com/p/2f1da158dd2a80e8ab94e77e8ec9d68d","https://bit.ly/요아정여수여서점네이버지도","https://bit.ly/chak-yeosu","https://bit.ly/auto-요아정여수여서점","brand:요아정","","","","","","https://bit.ly/cu-요아정여수여서점","https://bit.ly/bm-요아정여수여서점","ddangyo|phone_order|yogiyo","local_gift_app","0","review-required"
"c2aa469b555fbbf7","요이참치 여수점","https://app.notion.com/p/2f5da158dd2a80c78293c0146eb4ba6d","","https://bit.ly/chak-yeosu","","brand:요이참치","","","","","","","","naver_map|direct_order|mukkebi|ddangyo|phone_order|yogiyo|coupang_eats|baemin","","0","review-required"
"b1995040582014bf","용우동 여서점","https://app.notion.com/p/367da158dd2a80da9baaf260969a9892","https://naver.me/Gt1lvoSK","https://bit.ly/chak-yeosu","","brand:용우동","","","","","","","","direct_order|mukkebi|ddangyo|phone_order|yogiyo|coupang_eats|baemin","naver_map|local_gift_app","0","review-required"
"8f4cfdc693976989","우정통닭","https://app.notion.com/p/2ebda158dd2a808babafd0d6f3b2a664","https://bit.ly/네이버지도-우정통닭","https://bit.ly/chak-yeosu","https://bit.ly/auto-우정통닭","brand:우정통닭","https://bit.ly/mk-보드람치킨여수여서점","","","https://bit.ly/전화-우정통닭","","","","ddangyo","local_gift_app|mukkebi","0","review-required"
"a4aaeb8049d4e9f9","우쿠야 여수여서점","https://app.notion.com/p/304da158dd2a80ec9b0ae171783b172b","https://bit.ly/네이버지도-우쿠야여수여서점","https://bit.ly/chak-yeosu","https://bit.ly/auto-우쿠야여수여서점","brand:우쿠야","https://bit.ly/mk-보드람치킨여수여서점","","","https://bit.ly/전화-우쿠야여수여서점","","","","ddangyo|yogiyo|coupang_eats|baemin","local_gift_app|mukkebi","0","review-required"
"b6d8f721f526761f","원할머니보쌈족발 여수여서점","https://app.notion.com/p/2f0da158dd2a807582d8d8106f3df945","https://bit.ly/원할머니보쌈족발여수여서점네이버지도","https://bit.ly/chak-yeosu","https://bit.ly/auto-원할머니보쌈족발여수여서점","brand:원할머니보쌈족발","https://bit.ly/mk-원할머니보쌈족발여수여서점","","","","","https://bit.ly/cu-원할머니보쌈족발여수여서점","https://bit.ly/bm-원할머니보쌈족발여수여서점","ddangyo|phone_order|yogiyo","local_gift_app","0","review-required"
"49470f61773e41e2","유림식당","https://app.notion.com/p/31fda158dd2a80db9bccc1971697c1b0","https://bit.ly/네이버지도-배스킨라빈스여수여서점","https://bit.ly/chak-yeosu","https://bit.ly/auto-유림식당","brand:유림식당","https://bit.ly/mk-보드람치킨여수여서점","","","https://bit.ly/전화-배스킨라빈스여수여서점","","https://bit.ly/cu-유림식당","https://bit.ly/bm-유림식당","yogiyo","local_gift_app|mukkebi|naver_map:cross-store-source|phone_order:cross-store-source","0","review-required"
"2fb0f76b3d55052b","윤가네 선어","https://app.notion.com/p/33cda158dd2a8046bd05d2b7f347d832","https://bit.ly/네이버지도-배스킨라빈스여수여서점","https://bit.ly/chak-yeosu","https://bit.ly/auto-윤가네선어","brand:윤가네 선어","https://bit.ly/mk-보드람치킨여수여서점","","","https://bit.ly/전화-배스킨라빈스여수여서점","","","https://bit.ly/bm-윤가네선어","ddangyo|yogiyo","local_gift_app|mukkebi|naver_map:cross-store-source|phone_order:cross-store-source","0","review-required"
"52aac4b5adef4d89","을찌로국물떡볶이 국동점","https://app.notion.com/p/2f2da158dd2a807c9e2ad69156bf6667","https://bit.ly/을찌로국물떡볶이국동점네이버지도","https://bit.ly/chak-yeosu","https://bit.ly/auto-을찌로국물떡볶이","brand:을찌로국물떡볶이","https://bit.ly/mk-을찌로국물떡볶이국동점","","","","","https://bit.ly/cu-을찌로국물떡볶이국동점","https://bit.ly/bm-을찌로국물떡볶이국동점","ddangyo|phone_order|yogiyo","","0","review-required"
"c26995210f249627","응큼떡볶이 여수점","https://app.notion.com/p/305da158dd2a80588296c776e8eac18f","https://bit.ly/네이버지도-배스킨라빈스여수여서점","https://bit.ly/chak-yeosu","https://bit.ly/auto-응큼떡뽁이여수점","brand:응큼떡볶이","","","","https://bit.ly/전화-배스킨라빈스여수여서점","","https://bit.ly/cu-응큼떡뽁이여수점","https://bit.ly/bm-응큼떡뽁이여수점","ddangyo|yogiyo","naver_map:cross-store-source|phone_order:cross-store-source","0","review-required"
"e412d7dea107cc59","이디야커피 국동점","https://app.notion.com/p/2f2da158dd2a8043938bf162e1838b08","https://bit.ly/이디야국동점네이버지도","https://bit.ly/chak-yeosu","https://bit.ly/auto-이디야커피국동점","brand:이디야커피","","","","","","https://bit.ly/cu-이디야국동점","https://bit.ly/bm-이디야국동점","ddangyo|phone_order|yogiyo","","0","review-required"
"4ec7dd8e93675267","이모야분식","https://app.notion.com/p/339da158dd2a80cfa0cfd9ffbf01b5db","https://naver.me/FwSxaIhA","https://bit.ly/chak-yeosu","","brand:이모야분식","","","","","","","","direct_order|mukkebi|ddangyo|phone_order|yogiyo|baemin","naver_map|local_gift_app","0","review-required"
"11442d3b3328f951","인생아구찜 여수문수점","https://app.notion.com/p/2ecda158dd2a807788adebabb08ccfbe","https://naver.me/5o01fOaW","https://bit.ly/chak-yeosu","https://bit.ly/auto-인생아구찜여수문수점","brand:인생아구찜","https://bit.ly/mk-맘스터치문수점","","","","","","","ddangyo|phone_order|yogiyo|coupang_eats|baemin","local_gift_app|mukkebi","0","review-required"
"75b59b6f39651fc8","자담치킨 여수미평점","https://app.notion.com/p/2fada158dd2a801fb601c9927ad00204","https://bit.ly/네이버지도-자담치킨여수미평점","https://bit.ly/chak-yeosu","https://bit.ly/auto-자담치킨여수미평점","brand:자담치킨","https://bit.ly/mk-보드람치킨여수여서점","","","https://bit.ly/전화-자담치킨여수미평점","","","","ddangyo|yogiyo|coupang_eats|baemin","local_gift_app|mukkebi","0","review-required"
"b929bcd743be8b12","장충동왕족발 여수점","https://app.notion.com/p/33cda158dd2a8087aad6e9935bf2c2e8","https://bit.ly/네이버지도-배스킨라빈스여수여서점","https://bit.ly/chak-yeosu","https://bit.ly/auto-장충동왕족발여수점","brand:장충동왕족발","https://bit.ly/mk-보드람치킨여수여서점","","","https://bit.ly/전화-배스킨라빈스여수여서점","","https://bit.ly/cu-장충동왕족발여수점","https://bit.ly/bm-장충동왕족발여수점","ddangyo|yogiyo","local_gift_app|mukkebi|naver_map:cross-store-source|phone_order:cross-store-source","0","review-required"
"d5a91ccf9edca566","장충동B&F족발보쌈 여수점","https://app.notion.com/p/2edda158dd2a8003bd4cf5300fafc3a2","https://bit.ly/장충동BNF족발보쌈여수점네이버지도","https://bit.ly/chak-yeosu","https://bit.ly/auto-장충동BNF족발보쌈여수점","brand:장충동B&F족발보쌈","https://bit.ly/mk-장충동BNF족발보쌈여수점","","","","","https://bit.ly/cu-장충동BNF족발보쌈여수점","https://bit.ly/bm-장충동BNF족발보쌈여수점","ddangyo|phone_order|yogiyo","local_gift_app","0","review-required"
"78366e913c324782","정남옥 여수점","https://app.notion.com/p/2f9da158dd2a80fb96ebe363554a6e44","","https://bit.ly/chak-yeosu","","brand:정남옥","","","","","","","","naver_map|direct_order|mukkebi|phone_order|coupang_eats|baemin","","0","review-required"
"7c9ca9471d15acc4","제육대가 여수미평점","https://app.notion.com/p/2f9da158dd2a80ddaeddf601b2271e53","","https://bit.ly/chak-yeosu","","brand:제육대가","https://bit.ly/mk-보드람치킨여수여서점","","","","","","","naver_map|direct_order|ddangyo|phone_order|yogiyo|coupang_eats|baemin","local_gift_app|mukkebi","0","review-required"
"f617bdb93ac0246f","제육에 진심을 담아","https://app.notion.com/p/349da158dd2a8090a62acadbe3a347ae","","https://bit.ly/chak-yeosu","","brand:제육에 진심을 담아","","","","","","","","direct_order|mukkebi|ddangyo|phone_order|yogiyo|coupang_eats|baemin","local_gift_app","0","review-required"
"0bf8b6178a1596ca","조선다방 봉계점","https://app.notion.com/p/33ada158dd2a80f188eac6b93e8cd6f7","https://naver.me/56acNdnv","https://bit.ly/chak-yeosu","","brand:조선다방","","","","","","","","direct_order|mukkebi|phone_order|yogiyo|coupang_eats|baemin","naver_map|local_gift_app","0","review-required"
"76235bf473121cbe","족발자리","https://app.notion.com/p/31ada158dd2a80e3adc5ca227fad34f0","https://bit.ly/네이버지도-족발자리","https://bit.ly/chak-yeosu","https://bit.ly/auto-족발자리","brand:족발자리","https://bit.ly/mk-보드람치킨여수여서점","","","https://bit.ly/전화-족발자리","","https://bit.ly/cu-족발자리","https://bit.ly/bm-족발자리","ddangyo","local_gift_app|mukkebi","0","review-required"
"eb1005c7067bc9d4","족팔계왕족발","https://app.notion.com/p/303da158dd2a80f686dffa92a6fae9e3","https://bit.ly/네이버지도-배스킨라빈스여수여서점","https://bit.ly/chak-yeosu","https://bit.ly/auto-족팔계왕족발","brand:족팔계왕족발","https://bit.ly/mk-보드람치킨여수여서점","","","https://bit.ly/전화-배스킨라빈스여수여서점","","","","yogiyo|coupang_eats|baemin","local_gift_app|mukkebi|naver_map:cross-store-source|phone_order:cross-store-source","0","review-required"
"7a01cce02afa8141","주가네김치찌개&찜 여수여서점","https://app.notion.com/p/301da158dd2a80b8835ed0b91556abb9","https://bit.ly/네이버지도-주가네김치찌개찜여수여서점","https://bit.ly/chak-yeosu","https://bit.ly/auto-주가네김치찌개찜여수여서점","brand:주가네김치찌개&찜","https://bit.ly/mk-보드람치킨여수여서점","","","https://bit.ly/전화-주가네김치찌개찜여수여서점","","https://bit.ly/cu-주가네김치찌개찜여수여서점","https://bit.ly/bm-주가네김치찌개찜여수여서점","yogiyo","local_gift_app|mukkebi","0","review-required"
"295dc97b6abaf2e2","중국관","https://app.notion.com/p/2fcda158dd2a80ba8fbad2c798d4d7d5","https://bit.ly/네이버지도-중국관","https://bit.ly/chak-yeosu","https://bit.ly/auto-중국관","brand:중국관","https://bit.ly/mk-보드람치킨여수여서점","","","https://bit.ly/전화-중국관","","https://bit.ly/cu-중국관","https://bit.ly/bm-중국관","ddangyo|yogiyo","local_gift_app|mukkebi","0","review-required"
"fa5bca3967c25462","지코바치킨 미평점","https://app.notion.com/p/2f8da158dd2a80c2b287f29f7ab7bfcc","","https://bit.ly/chak-yeosu","","brand:지코바치킨","https://bit.ly/mk-보드람치킨여수여서점","","","","","","","naver_map|direct_order|ddangyo|phone_order|yogiyo|coupang_eats|baemin","local_gift_app|mukkebi","0","review-required"
"7f48f499a367b2b8","직화구이 바싹 족발닭발보쌈","https://app.notion.com/p/328da158dd2a80499ef3c9522c65b6e3","","https://bit.ly/chak-yeosu","","brand:직화구이 바싹 족발닭발보쌈","","","","","","","","naver_map|direct_order|mukkebi|ddangyo|phone_order|yogiyo|coupang_eats|baemin","local_gift_app","0","review-required"
"7919e0b7f8d5b436","쫑포피자 문수점","https://app.notion.com/p/2f2da158dd2a80c19cdbe7f05a77e6ff","https://bit.ly/쫑포피자문수점네이버지도","https://bit.ly/chak-yeosu","https://bit.ly/auto-쫑포피자문수점","brand:쫑포피자","https://bit.ly/mk-쫑포피자문수점","","","","","https://bit.ly/cu-쫑포피자문수점","https://bit.ly/bm-쫑포피자문수점","ddangyo|phone_order|yogiyo","","0","review-required"
"01f219eac1bdc294","찜콩 갈비찜 전문","https://app.notion.com/p/2f8da158dd2a80f7a86dcaac1f4df905","","https://bit.ly/chak-yeosu","","brand:찜콩 갈비찜 전문","https://bit.ly/mk-보드람치킨여수여서점","","","","","","","naver_map|direct_order|ddangyo|phone_order|yogiyo|coupang_eats|baemin","local_gift_app|mukkebi","0","review-required"
"c6568ee1688504c7","착한쭝식 여서점(먹깨비,땡겨요로 주문시 군만두 서비스!!)","https://app.notion.com/p/332da158dd2a80a38045d314f4d35062","","https://bit.ly/chak-yeosu","","brand:착한쭝식 여서점(먹깨비,땡겨요로 주문시 군만두 서비스!!)","","","","","","","","naver_map|direct_order|mukkebi|ddangyo|phone_order|yogiyo|coupang_eats|baemin","local_gift_app","0","review-required"
"340a17ea324662dc","천화마라탕","https://app.notion.com/p/2fdda158dd2a80e7ab82c5ad30fff882","https://bit.ly/네이버지도-천화마라탕","https://bit.ly/chak-yeosu","https://bit.ly/auto-천화마라탕","brand:천화마라탕","https://bit.ly/mk-보드람치킨여수여서점","","","https://bit.ly/전화-천화마라탕","","","","yogiyo|coupang_eats|baemin","local_gift_app|mukkebi","0","review-required"
"e456f248cbe542a3","청년다방 여서점","https://app.notion.com/p/2f6da158dd2a80d78c4cd7e883bfb243","","https://bit.ly/chak-yeosu","","brand:청년다방","","","","","","","","naver_map|direct_order|mukkebi|ddangyo|phone_order|yogiyo|coupang_eats|baemin","","0","review-required"
"3d512878922a19db","초이커피","https://app.notion.com/p/2fdda158dd2a807bb6f7e661f7de4ba1","https://bit.ly/네이버지도-초이커피","https://bit.ly/chak-yeosu","https://bit.ly/auto-초이커피","brand:초이커피","","","","https://bit.ly/전화-초이커피","","https://bit.ly/cu-초이커피","https://bit.ly/bm-초이커피","ddangyo|yogiyo","","0","review-required"
"884076b36adf9697","촌닭두마리치킨 오림점","https://app.notion.com/p/324da158dd2a805f95becc164c45e1b3","https://bit.ly/네이버지도-촌닭두마리치킨오림점","https://bit.ly/chak-yeosu","https://bit.ly/auto-촌닭두마리치킨오림점","brand:촌닭두마리치킨","https://bit.ly/mk-보드람치킨여수여서점","","","https://bit.ly/전화-촌닭두마리치킨오림점","","https://bit.ly/cu-촌닭두마리치킨오림점","https://bit.ly/bm-촌닭두마리치킨오림점","ddangyo|yogiyo","local_gift_app|mukkebi","0","review-required"
"dddc8ea5032e3c62","카페 브라운","https://app.notion.com/p/2f8da158dd2a80d3b820cfc22a66e275","","https://bit.ly/chak-yeosu","","brand:카페 브라운","https://bit.ly/mk-보드람치킨여수여서점","","","","","","","naver_map|direct_order|ddangyo|yogiyo|coupang_eats|baemin","local_gift_app|mukkebi","0","review-required"
"fa0bccb2d190a7c0","카페인","https://app.notion.com/p/2f5da158dd2a800798b5c885dd128d7c","","https://bit.ly/chak-yeosu","","brand:카페인","","","","","","","","naver_map|direct_order|ddangyo|phone_order|yogiyo|coupang_eats|baemin","","0","review-required"
"9af017d533d36ab4","커피샵붕어빵","https://app.notion.com/p/2eada158dd2a8018b679e3cd24bed8fd","","https://bit.ly/chak-yeosu","https://bit.ly/auto-coffeeshop","brand:커피샵붕어빵","","","","","","https://bit.ly/cu-커피샵","https://bit.ly/bm-커피샵","phone_order|yogiyo","","0","review-required"
"478795eb80081c91","커피어클락","https://app.notion.com/p/305da158dd2a80838fd4d7f52282e7d4","https://bit.ly/네이버지도-커피어클락","https://bit.ly/chak-yeosu","https://bit.ly/auto-커피어클락","brand:커피어클락","https://bit.ly/mk-보드람치킨여수여서점","","","https://bit.ly/전화-커피어클락","","https://bit.ly/cu-커피어클락","https://bit.ly/bm-커피어클락","ddangyo|yogiyo","local_gift_app|mukkebi","0","review-required"
"9a494eae325155d9","컬투치킨 여수점","https://app.notion.com/p/2f9da158dd2a8022b162ea131682ef34","","https://bit.ly/chak-yeosu","","brand:컬투치킨","","","","","","","","naver_map|direct_order|mukkebi|phone_order|yogiyo|coupang_eats|baemin","","0","review-required"
"2cddfb9ee60f0d7b","컴포즈커피 여수문수광장점","https://app.notion.com/p/324da158dd2a801493cced68d6e4bb5f","https://bit.ly/네이버지도-컴포즈커피여수문수광장점","https://bit.ly/chak-yeosu","https://bit.ly/auto-컴포즈커피여수문수광장점","brand:컴포즈커피","http://mukkebi.com/shop.php?data=181034","","","https://bit.ly/전화-컴포즈커피여수문수광장점","","","","ddangyo|yogiyo|coupang_eats|baemin","local_gift_app","0","review-required"
"68360b2d1b0e6457","컴포즈커피 여수여서점","https://app.notion.com/p/2fada158dd2a809e98bdd274c050a3f1","https://bit.ly/네이버지도-컴포즈커피여수여서점","https://bit.ly/chak-yeosu","https://bit.ly/auto-컴포즈커피여수여서점","brand:컴포즈커피","https://bit.ly/mk-보드람치킨여수여서점","","","https://bit.ly/전화-컴포즈커피여수여서점","","https://bit.ly/cu-컴포즈커피여수여서점","https://bit.ly/bm-컴포즈커피여수여서점","ddangyo|yogiyo","local_gift_app|mukkebi","0","review-required"
"5b408dab11c7b1dd","케이키팩토리","https://app.notion.com/p/319da158dd2a8048b165c3f3f91e5366","https://bit.ly/네이버지도-배스킨라빈스여수여서점","https://bit.ly/chak-yeosu","https://bit.ly/auto-케이키팩토리","brand:케이키팩토리","","","","https://bit.ly/전화-배스킨라빈스여수여서점","","https://bit.ly/cu-케이키팩토리","https://bit.ly/bm-케이키팩토리","ddangyo","local_gift_app|naver_map:cross-store-source|phone_order:cross-store-source","0","review-required"
"8d9df0fbb77ce9eb","콩불 여수중앙점","https://app.notion.com/p/2f0da158dd2a809e8f58d9c2b88db105","https://naver.me/5QGVkRUB","https://bit.ly/chak-yeosu","https://bit.ly/auto-두찜여수국동점","brand:콩불","https://bit.ly/mk-두찜여수국동점","","","","","https://bit.ly/cu-두찜여수국동점","https://bit.ly/bm-두찜여수국동점","ddangyo|phone_order|yogiyo","local_gift_app","0","review-required"
"04036067da3dde5f","킹콩부대찌개 여수점","https://app.notion.com/p/2f7da158dd2a802d9cf8c581ccfbb4bf","","https://bit.ly/chak-yeosu","","brand:킹콩부대찌개","https://bit.ly/mk-보드람치킨여수여서점","","","","","","","naver_map|direct_order|ddangyo|phone_order|yogiyo|baemin","local_gift_app|mukkebi","0","review-required"
"ba7577041d64a394","탕화쿵푸마라탕 여서점","https://app.notion.com/p/2e9da158dd2a8052bda7fd6e1c435ace","https://naver.me/FiPSoWLe","https://bit.ly/chak-yeosu","","brand:탕화쿵푸마라탕","https://bit.ly/mk-thang","","","","","","","direct_order|ddangyo|phone_order|yogiyo|coupang_eats|baemin","local_gift_app","0","review-required"
"fe09f5cbf190ca3d","테그42 여수관문점","https://app.notion.com/p/2fcda158dd2a8099aa08c4b61436e6e1","https://bit.ly/테그42네이버지도-카페디저트","https://bit.ly/chak-yeosu","","brand:테그42","","https://bit.ly/테그42땡겨요-카페디저트","","","","","","direct_order|mukkebi|phone_order|yogiyo|coupang_eats|baemin","","0","review-required"
"d9730ed96e5fbd9a","틈 돈까스 미평점","https://app.notion.com/p/2f2da158dd2a807d90a3eccd02176425","https://bit.ly/틈돈까스미평점네이버지도","https://bit.ly/chak-yeosu","https://bit.ly/auto-틈돈까스미평점","brand:틈 돈까스","https://bit.ly/mk-틈돈까스미평점","","","","","https://bit.ly/cu-틈돈까스미평점","https://bit.ly/bm-틈돈까스미평점","ddangyo|phone_order|yogiyo","","0","review-required"
"6620c4ab87f00e86","포포샌드","https://app.notion.com/p/2f0da158dd2a800a8208cf321c95487c","https://naver.me/FpPVHL1L","https://bit.ly/chak-yeosu","","brand:포포샌드","","","","","","https://bit.ly/cu-맘스터치문수점","https://bit.ly/bm-맘스터치문수점","direct_order|mukkebi|phone_order|yogiyo","local_gift_app|yogiyo:cross-store-source|coupang_eats:cross-store-source|baemin:cross-store-source","0","review-required"
"9846929c4427576a","푸라닭치킨 여수문수점","https://app.notion.com/p/2ecda158dd2a805ba42dee4648570090","","https://bit.ly/chak-yeosu","https://bit.ly/auto-푸라닭치킨여수문수점","brand:푸라닭치킨","https://bit.ly/mk-맘스터치문수점","","","","","https://bit.ly/cu-푸라닭치킨여수문수점","https://bit.ly/bm-푸라닭치킨여수문수점","ddangyo|phone_order|yogiyo","local_gift_app|mukkebi","0","review-required"
"0a231139875a51cc","푸줏간 고기도시락 여수문수점","https://app.notion.com/p/2fada158dd2a800ab2fdd65e5737881c","https://bit.ly/네이버지도-푸줏간고기도시락여수문수점","https://bit.ly/chak-yeosu","https://bit.ly/auto-푸줏간고기도시락여수문수점","brand:푸줏간 고기도시락","https://bit.ly/mk-보드람치킨여수여서점","","","https://bit.ly/전화-푸줏간고기도시락여수문수점","","https://bit.ly/cu-푸줏간고기도시락여수문수점","https://bit.ly/bm-푸줏간고기도시락여수문수점","ddangyo|yogiyo","local_gift_app|mukkebi","0","review-required"
"f8a71a5a2344ee7f","프랭크버거 미평점","https://app.notion.com/p/2e5da158dd2a803f8e6cc7d29e2d7258","","https://bit.ly/chak-yeosu","https://bit.ly/auto-yeosu","brand:프랭크버거","https://bit.ly/mk-yeosu1","","","","","https://bit.ly/cu-yeosu1","https://bit.ly/bm-yeosu2","ddangyo|phone_order|yogiyo","","0","review-required"
"1d0648282bdf1385","피나치공 국동점","https://app.notion.com/p/2f0da158dd2a80cda498f2a77115761e","https://naver.me/GL8o9eS8","https://bit.ly/chak-yeosu","","brand:피나치공","","","","","","","","direct_order|mukkebi|ddangyo|phone_order|yogiyo|coupang_eats|baemin","naver_map|local_gift_app","0","review-required"
"d77bf57a99d5a355","피자나라치킨공주 여서점","https://app.notion.com/p/354da158dd2a80d9ad76c8718ac4ffc2","","https://bit.ly/chak-yeosu","","brand:피자나라치킨공주","","","","","","","","naver_map|direct_order|mukkebi|ddangyo|phone_order|yogiyo|coupang_eats|baemin","local_gift_app","0","review-required"
"d696a7c25651c706","피자스쿨  미평점","https://app.notion.com/p/316da158dd2a8089a70ee2f3da3c0939","https://naver.me/5mBHpVjl","https://bit.ly/chak-yeosu","","brand:피자스쿨","","","","","","","","direct_order|mukkebi|ddangyo|phone_order|coupang_eats|baemin","naver_map","0","review-required"
"abb76aa470e26f7a","피자스쿨 여문점","https://app.notion.com/p/2ecda158dd2a80b9be29d52d2d66b287","","https://bit.ly/chak-yeosu","https://bit.ly/auto-피자스쿨여문점","brand:피자스쿨","https://bit.ly/mk-피자스쿨여문점","","","","","https://bit.ly/cu-피자스쿨여문점","https://bit.ly/bm-피자스쿨여문점","ddangyo|phone_order|yogiyo","local_gift_app","0","review-required"
"9f89e6d7784cf4a2","피자프렌드 미평점","https://app.notion.com/p/36cda158dd2a80009ceacd3aa806c084","https://naver.me/xdjM2AR3","https://bit.ly/chak-yeosu","https://bit.ly/auto-외계인피자여수점","brand:피자프렌드","https://bit.ly/mk-외계인피자여수점","","","","","","","ddangyo|phone_order|yogiyo|coupang_eats|baemin","local_gift_app","0","review-required"
"13c8e99cd1a7d7a1","하나옛날통닭 문수점","https://app.notion.com/p/339da158dd2a80cca07cfeee0e12efcc","","https://bit.ly/chak-yeosu","","brand:하나옛날통닭","","","","","","","","naver_map|direct_order|mukkebi|ddangyo|phone_order|yogiyo|coupang_eats","local_gift_app","0","review-required"
"c87b8aa579b69ea1","하이오커피 여수교동점","https://app.notion.com/p/2f5da158dd2a80ed9cd8f847b939e773","https://naver.me/FtTDbZH4","https://bit.ly/chak-yeosu","","brand:하이오커피","","","","","","","","direct_order|mukkebi|phone_order|coupang_eats|baemin","naver_map","0","review-required"
"e73b3aae78840798","한솥도시락 여수전남대점","https://app.notion.com/p/339da158dd2a80419555d4f54dae25f4","https://naver.me/FC4NnNbr","https://bit.ly/chak-yeosu","","brand:한솥도시락","","","","","","","","direct_order|mukkebi|ddangyo|phone_order","naver_map|local_gift_app","0","review-required"
"91622c10687d56dd","향미진짬뽕","https://app.notion.com/p/2ecda158dd2a80898240d2cf0154d791","","https://bit.ly/chak-yeosu","https://bit.ly/auto-향미진짬뽕","brand:향미진짬뽕","https://bit.ly/mk-향미진짬뽕","","","","","","","ddangyo|phone_order|yogiyo|baemin","local_gift_app","0","review-required"
"36419c4127ce96c4","호미스피자 여수점","https://app.notion.com/p/2efda158dd2a80538ba1d02c087b1a32","https://bit.ly/호미스피자여수점네이버지도","https://bit.ly/chak-yeosu","https://bit.ly/auto-호미스피자여수점","brand:호미스피자","https://bit.ly/mk-호미스피자여수점","","","","","https://bit.ly/cu-호미스피자여수점","https://bit.ly/bm-호미스피자여수점","ddangyo|phone_order|yogiyo","local_gift_app","0","review-required"
"23f9cb364b06cd44","호식이두마리치킨 국동점","https://app.notion.com/p/2f1da158dd2a8072bcf7e0a73bd5f499","https://bit.ly/호식이두마리치킨국동점네이버지도","https://bit.ly/chak-yeosu","https://bit.ly/auto-호식이두마리치킨국동점","brand:호식이두마리치킨","https://bit.ly/mk-호식이두마리치킨국동점","","","","","https://bit.ly/cu-호식이두마리치킨국동점","https://bit.ly/bm-호식이두마리치킨국동점","ddangyo|phone_order|yogiyo","","0","review-required"
"1ed1cc571c81df01","홍콩반점0410 여수문수점","https://app.notion.com/p/2f0da158dd2a8025beb6eb4184e1c7bb","https://bit.ly/홍콩반점0410여수문수점네이버지도","https://bit.ly/chak-yeosu","https://bit.ly/auto-홍콩반점0410여수문수점","brand:홍콩반점0410","","","","","","https://bit.ly/cu-홍콩반점0410여수문수점","https://bit.ly/bm-홍콩반점0410여수문수점","ddangyo|phone_order|yogiyo","local_gift_app","0","review-required"
"4597954f924a4979","황금마차","https://app.notion.com/p/303da158dd2a800e8eede36b42da8ed8","https://bit.ly/네이버지도-황금마차","https://bit.ly/chak-yeosu","https://bit.ly/auto-황금마차","brand:황금마차","https://bit.ly/mk-보드람치킨여수여서점","","","https://bit.ly/전화-황금마차","","https://bit.ly/cu-황금마차","https://bit.ly/bm-황금마차","ddangyo","local_gift_app|mukkebi","0","review-required"
"6390834d3238c3eb","황금아구 미평점","https://app.notion.com/p/318da158dd2a80ee89f0df6834bffd90","https://bit.ly/네이버지도-황금아구","https://bit.ly/chak-yeosu","https://bit.ly/auto-황금아구","brand:황금아구","https://bit.ly/mk-보드람치킨여수여서점","","","https://bit.ly/전화-황금아구","","","","ddangyo|yogiyo|coupang_eats|baemin","local_gift_app|mukkebi","0","review-required"
"9ad90be6a8c96862","회먹다","https://app.notion.com/p/2f2da158dd2a804b8594cccfda46e39a","https://bit.ly/회먹다네이버지도","https://bit.ly/chak-yeosu","https://bit.ly/auto-회먹다","brand:회먹다","https://bit.ly/mk-회먹다","","","","","https://bit.ly/cu-회먹다","https://bit.ly/bm-회먹다","phone_order|yogiyo","","0","review-required"
"39f3c8acab504b00","60계치킨 여수여서문수점","https://app.notion.com/p/2edda158dd2a80fda362ebecdffc1327","","https://bit.ly/chak-yeosu","https://bit.ly/auto-60계치킨여서문수점","brand:60계치킨","https://bit.ly/mk-60계치킨여서문수점","https://bit.ly/tk-60계치킨여서문수점","","https://bit.ly/tel0616549685","https://bit.ly/yo-60계치킨여서문수점","https://bit.ly/cu-60계치킨여서문수점","https://bit.ly/bm-60계치킨여서문수점","","local_gift_app","0","review-required"
"9ee73ce6168105ec","더벤티 여수국동항점","https://app.notion.com/p/2f5da158dd2a8098a5b6ccd63e5f290a","","","","brand:더벤티","","","","","","","","naver_map|local_gift_app|direct_order|phone_order|yogiyo|coupang_eats|baemin","naver_map:cross-store-source|direct_order:cross-store-source|phone_order:cross-store-source|yogiyo:cross-store-source|coupang_eats:cross-store-source|baemin:cross-store-source","0","review-required"

