"store_id","store_name","channel","source_url","classification","recovery_status","reason"
"068b2ae8fe32874a","1인피자 피자먹다 여수여서점","mukkebi","https://bit.ly/4tDTb7W","needs-review","pending","링크 목적지와 지점명 추가 확인 필요"
"068b2ae8fe32874a","1인피자 피자먹다 여수여서점","ddangyo","https://bit.ly/tk-1인피자피자먹다여수여서점","exact-safe","batch-01-restored","고유 Notion 페이지와 링크 상호·지점 또는 공식 목적지 일치"
"068b2ae8fe32874a","1인피자 피자먹다 여수여서점","yogiyo","https://bit.ly/yo-1인피자피자먹다여수여서점","exact-safe","batch-01-restored","고유 Notion 페이지와 링크 상호·지점 또는 공식 목적지 일치"
"068b2ae8fe32874a","1인피자 피자먹다 여수여서점","coupang_eats","https://bit.ly/cu-1인피자피자먹다여수여서점","exact-safe","batch-01-restored","고유 Notion 페이지와 링크 상호·지점 또는 공식 목적지 일치"
"068b2ae8fe32874a","1인피자 피자먹다 여수여서점","baemin","https://bit.ly/bm-1인피자피자먹다여수여서점","exact-safe","batch-01-restored","고유 Notion 페이지와 링크 상호·지점 또는 공식 목적지 일치"
"fb798d3119a28415","60계치킨 여수미평점","direct_order","https://bit.ly/4bO4mWJ","needs-review","pending","링크 목적지와 지점명 추가 확인 필요"
"fb798d3119a28415","60계치킨 여수미평점","mukkebi","https://bit.ly/4cgOrQK","needs-review","pending","링크 목적지와 지점명 추가 확인 필요"
"fb798d3119a28415","60계치킨 여수미평점","ddangyo","https://bit.ly/4afNHZv","needs-review","pending","링크 목적지와 지점명 추가 확인 필요"
"fb798d3119a28415","60계치킨 여수미평점","phone_order","https://bit.ly/4qHX1vH","needs-review","pending","링크 목적지와 지점명 추가 확인 필요"
"fb798d3119a28415","60계치킨 여수미평점","yogiyo","https://bit.ly/4bDSJkY","needs-review","pending","링크 목적지와 지점명 추가 확인 필요"
"fb798d3119a28415","60계치킨 여수미평점","coupang_eats","https://bit.ly/4rcVdMg","needs-review","pending","링크 목적지와 지점명 추가 확인 필요"
"fb798d3119a28415","60계치킨 여수미평점","baemin","https://bit.ly/3MdICck","needs-review","pending","링크 목적지와 지점명 추가 확인 필요"
"f0f1211ec16d7730","88시장버거 여수신월점","naver_map","https://bit.ly/4rAl8NH","needs-review","pending","링크 목적지와 지점명 추가 확인 필요"
"f0f1211ec16d7730","88시장버거 여수신월점","direct_order","https://bit.ly/4asOAiB","needs-review","pending","링크 목적지와 지점명 추가 확인 필요"
"f0f1211ec16d7730","88시장버거 여수신월점","ddangyo","https://bit.ly/4rsOBsH","needs-review","pending","링크 목적지와 지점명 추가 확인 필요"
"f0f1211ec16d7730","88시장버거 여수신월점","phone_order","https://bit.ly/4a9DDBh","needs-review","pending","링크 목적지와 지점명 추가 확인 필요"
"f0f1211ec16d7730","88시장버거 여수신월점","yogiyo","https://bit.ly/4kcYAQl","needs-review","pending","링크 목적지와 지점명 추가 확인 필요"
"f0f1211ec16d7730","88시장버거 여수신월점","coupang_eats","https://bit.ly/4kc31uO","needs-review","pending","링크 목적지와 지점명 추가 확인 필요"
"f0f1211ec16d7730","88시장버거 여수신월점","baemin","https://bit.ly/4buMfVx","needs-review","pending","링크 목적지와 지점명 추가 확인 필요"
"361f855efc21c1c2","가마치통닭 여서점","ddangyo","https://bit.ly/tk-가마치통닭여서점","exact-safe","batch-01-restored","고유 Notion 페이지와 링크 상호·지점 또는 공식 목적지 일치"
"361f855efc21c1c2","가마치통닭 여서점","yogiyo","https://bit.ly/yo-가마치통닭여서점","exact-safe","batch-01-restored","고유 Notion 페이지와 링크 상호·지점 또는 공식 목적지 일치"
"361f855efc21c1c2","가마치통닭 여서점","coupang_eats","https://bit.ly/cu-가마치통닭여서점","exact-safe","batch-01-restored","고유 Notion 페이지와 링크 상호·지점 또는 공식 목적지 일치"
"361f855efc21c1c2","가마치통닭 여서점","baemin","https://bit.ly/bm-가마치통닭여서점","exact-safe","batch-01-restored","고유 Notion 페이지와 링크 상호·지점 또는 공식 목적지 일치"
"0f82d1d73f86371d","가마치통닭 여수전남대점","direct_order","https://bit.ly/4bioHDh","needs-review","pending","링크 목적지와 지점명 추가 확인 필요"
"0f82d1d73f86371d","가마치통닭 여수전남대점","mukkebi","https://bit.ly/45uhjAU","needs-review","pending","링크 목적지와 지점명 추가 확인 필요"
"0f82d1d73f86371d","가마치통닭 여수전남대점","ddangyo","https://bit.ly/4rdGL5V","needs-review","pending","링크 목적지와 지점명 추가 확인 필요"
"0f82d1d73f86371d","가마치통닭 여수전남대점","phone_order","https://bit.ly/49GAvhp","needs-review","pending","링크 목적지와 지점명 추가 확인 필요"
"0f82d1d73f86371d","가마치통닭 여수전남대점","yogiyo","https://bit.ly/3NGkQ98","needs-review","pending","링크 목적지와 지점명 추가 확인 필요"
"0f82d1d73f86371d","가마치통닭 여수전남대점","coupang_eats","https://bit.ly/49XNHgK","needs-review","pending","링크 목적지와 지점명 추가 확인 필요"
"0f82d1d73f86371d","가마치통닭 여수전남대점","baemin","https://bit.ly/49GK5kr","needs-review","pending","링크 목적지와 지점명 추가 확인 필요"
"7432d966de3f75ab","감탄떡볶이 문수점","ddangyo","https://bit.ly/tk-감탄떡볶이문수점","exact-safe","pending","고유 Notion 페이지와 링크 상호·지점 또는 공식 목적지 일치"
"7432d966de3f75ab","감탄떡볶이 문수점","yogiyo","https://bit.ly/yo-감탄떡볶이문수점","exact-safe","pending","고유 Notion 페이지와 링크 상호·지점 또는 공식 목적지 일치"
"e57c51a4f6294349","계근상 여수본점(문수동)","ddangyo","https://bit.ly/tk-계근상여수본점","wrong-branch","pending","URL에 현재 가게와 다른 상호·지점 흔적"
"e57c51a4f6294349","계근상 여수본점(문수동)","yogiyo","https://ws.yogiyo.co.kr/2bml3e","exact-safe","pending","고유 Notion 페이지와 링크 상호·지점 또는 공식 목적지 일치"
"e57c51a4f6294349","계근상 여수본점(문수동)","coupang_eats","https://bit.ly/cu-계근상여수본점","wrong-branch","pending","URL에 현재 가게와 다른 상호·지점 흔적"
"e57c51a4f6294349","계근상 여수본점(문수동)","baemin","https://bit.ly/bm-계근상여수본점","wrong-branch","pending","URL에 현재 가게와 다른 상호·지점 흔적"
"6d48c7e2bca79c18","계동치킨 여문점(먹깨비,땡겨요로 주문시 음료스 서비스)","ddangyo","https://bit.ly/tk-계동치킨","wrong-branch","pending","URL에 현재 가게와 다른 상호·지점 흔적"
"6d48c7e2bca79c18","계동치킨 여문점(먹깨비,땡겨요로 주문시 음료스 서비스)","phone_order","https://bit.ly/tel0616538886","needs-review","pending","링크 목적지와 지점명 추가 확인 필요"
"6d48c7e2bca79c18","계동치킨 여문점(먹깨비,땡겨요로 주문시 음료스 서비스)","yogiyo","https://bit.ly/yo-계동치킨","wrong-branch","pending","URL에 현재 가게와 다른 상호·지점 흔적"
"f7385d8006310630","국민학교","ddangyo","https://bit.ly/tk-국민학교","exact-safe","batch-01-restored","고유 Notion 페이지와 링크 상호·지점 또는 공식 목적지 일치"
"f7385d8006310630","국민학교","yogiyo","https://ws.yogiyo.co.kr/yh3wbs","exact-safe","batch-01-restored","고유 Notion 페이지와 링크 상호·지점 또는 공식 목적지 일치"
"f7385d8006310630","국민학교","coupang_eats","https://bit.ly/cu-국민학교","exact-safe","batch-01-restored","고유 Notion 페이지와 링크 상호·지점 또는 공식 목적지 일치"
"f7385d8006310630","국민학교","baemin","https://bit.ly/bm-국민학교","exact-safe","batch-01-restored","고유 Notion 페이지와 링크 상호·지점 또는 공식 목적지 일치"
"f6d0e57091aa21ab","굽네치킨&피자 문수점","ddangyo","https://bit.ly/tk-굽네치킨피자여수문수점","wrong-branch","pending","URL에 현재 가게와 다른 상호·지점 흔적"
"f6d0e57091aa21ab","굽네치킨&피자 문수점","yogiyo","https://bit.ly/yo-굽네치킨피자여수문수점","wrong-branch","pending","URL에 현재 가게와 다른 상호·지점 흔적"
"f6d0e57091aa21ab","굽네치킨&피자 문수점","coupang_eats","https://bit.ly/cu-굽네치킨피자여수문수점","wrong-branch","pending","URL에 현재 가게와 다른 상호·지점 흔적"
"f6d0e57091aa21ab","굽네치킨&피자 문수점","baemin","https://bit.ly/bm-굽네치킨피자여수문수점","wrong-branch","pending","URL에 현재 가게와 다른 상호·지점 흔적"
"0836fdf722805702","굽네치킨&피자 여수미평점","naver_map","https://bit.ly/4qQcivc","needs-review","pending","링크 목적지와 지점명 추가 확인 필요"
"0836fdf722805702","굽네치킨&피자 여수미평점","direct_order","https://bit.ly/3LQX9dP","needs-review","pending","링크 목적지와 지점명 추가 확인 필요"
"0836fdf722805702","굽네치킨&피자 여수미평점","mukkebi","https://bit.ly/3ZAu0GW","needs-review","pending","링크 목적지와 지점명 추가 확인 필요"
"0836fdf722805702","굽네치킨&피자 여수미평점","ddangyo","https://bit.ly/4t5xij3","needs-review","pending","링크 목적지와 지점명 추가 확인 필요"
"0836fdf722805702","굽네치킨&피자 여수미평점","phone_order","https://bit.ly/4k8pl8K","needs-review","pending","링크 목적지와 지점명 추가 확인 필요"
"0836fdf722805702","굽네치킨&피자 여수미평점","yogiyo","https://bit.ly/49Mak93","needs-review","pending","링크 목적지와 지점명 추가 확인 필요"
"0836fdf722805702","굽네치킨&피자 여수미평점","coupang_eats","https://bit.ly/4kccUZE","needs-review","pending","링크 목적지와 지점명 추가 확인 필요"
"0836fdf722805702","굽네치킨&피자 여수미평점","baemin","https://bit.ly/4a4lC7C","needs-review","pending","링크 목적지와 지점명 추가 확인 필요"
"895a9425dc41ddf7","금성칡냉면 미평점","ddangyo","https://bit.ly/tk-금성칡냉면미평점","exact-safe","pending","고유 Notion 페이지와 링크 상호·지점 또는 공식 목적지 일치"
"895a9425dc41ddf7","금성칡냉면 미평점","yogiyo","https://bit.ly/yo-금성칡냉면미평점","exact-safe","pending","고유 Notion 페이지와 링크 상호·지점 또는 공식 목적지 일치"
"450eb70e506c2de9","금쪽갈비 여수점","ddangyo","https://bit.ly/tk-금쪽갈비여수점","exact-safe","batch-01-restored","고유 Notion 페이지와 링크 상호·지점 또는 공식 목적지 일치"
"450eb70e506c2de9","금쪽갈비 여수점","yogiyo","https://ws.yogiyo.co.kr/cu7ieh","exact-safe","batch-01-restored","고유 Notion 페이지와 링크 상호·지점 또는 공식 목적지 일치"
"450eb70e506c2de9","금쪽갈비 여수점","coupang_eats","https://bit.ly/cu-금쪽갈비여수점","exact-safe","batch-01-restored","고유 Notion 페이지와 링크 상호·지점 또는 공식 목적지 일치"
"450eb70e506c2de9","금쪽갈비 여수점","baemin","https://bit.ly/bm-금쪽갈비여수점","exact-safe","batch-01-restored","고유 Notion 페이지와 링크 상호·지점 또는 공식 목적지 일치"
"f499191f0f57acc7","기영이 숯불두마리치킨 여수여서점","ddangyo","https://bit.ly/tk-기영이숯불두마리치킨여수여서점","exact-safe","pending","고유 Notion 페이지와 링크 상호·지점 또는 공식 목적지 일치"
"f499191f0f57acc7","기영이 숯불두마리치킨 여수여서점","phone_order","https://bit.ly/tel0618100666","needs-review","pending","링크 목적지와 지점명 추가 확인 필요"
"f499191f0f57acc7","기영이 숯불두마리치킨 여수여서점","yogiyo","https://bit.ly/yo-기영이숯불두마리치킨여수여서점","exact-safe","pending","고유 Notion 페이지와 링크 상호·지점 또는 공식 목적지 일치"
"888abbb8bf28aa2f","김종구식 맛치킨 전기바베큐 옛날통닭 여서점","yogiyo","https://ws.yogiyo.co.kr/d2x99a","exact-safe","pending","고유 Notion 페이지와 링크 상호·지점 또는 공식 목적지 일치"
"888abbb8bf28aa2f","김종구식 맛치킨 전기바베큐 옛날통닭 여서점","coupang_eats","https://bit.ly/cu-김종구식맛치킨전기바베큐옛날통닭여수여서점","wrong-branch","pending","URL에 현재 가게와 다른 상호·지점 흔적"
"888abbb8bf28aa2f","김종구식 맛치킨 전기바베큐 옛날통닭 여서점","baemin","https://bit.ly/bm-김종구식맛치킨전기바베큐옛날통닭여수여서점","wrong-branch","pending","URL에 현재 가게와 다른 상호·지점 흔적"
"cb6098165692c227","김치찜은 못참지 미평점","direct_order","https://bit.ly/41oYk8s","needs-review","pending","링크 목적지와 지점명 추가 확인 필요"
"cb6098165692c227","김치찜은 못참지 미평점","mukkebi","https://bit.ly/4taozvK","needs-review","pending","링크 목적지와 지점명 추가 확인 필요"
"cb6098165692c227","김치찜은 못참지 미평점","ddangyo","https://bit.ly/4ceFYvN","needs-review","pending","링크 목적지와 지점명 추가 확인 필요"
"cb6098165692c227","김치찜은 못참지 미평점","phone_order","https://bit.ly/423Akrz","needs-review","pending","링크 목적지와 지점명 추가 확인 필요"
"cb6098165692c227","김치찜은 못참지 미평점","yogiyo","https://bit.ly/4sssKlo","needs-review","pending","링크 목적지와 지점명 추가 확인 필요"
"cb6098165692c227","김치찜은 못참지 미평점","coupang_eats","https://bit.ly/48sBb8X","needs-review","pending","링크 목적지와 지점명 추가 확인 필요"
"cb6098165692c227","김치찜은 못참지 미평점","baemin","https://bit.ly/4cya6Ue","needs-review","pending","링크 목적지와 지점명 추가 확인 필요"
"ec69425551829f69","까치식당 문수점","ddangyo","https://bit.ly/tk-까치식당","wrong-branch","pending","URL에 현재 가게와 다른 상호·지점 흔적"
"ec69425551829f69","까치식당 문수점","coupang_eats","https://bit.ly/cu-까치식당","wrong-branch","pending","URL에 현재 가게와 다른 상호·지점 흔적"
"ec69425551829f69","까치식당 문수점","baemin","https://bit.ly/bm-까치식당","wrong-branch","pending","URL에 현재 가게와 다른 상호·지점 흔적"
"088abdb69cb8a6a2","나도국밥 오림점","direct_order","https://bit.ly/3PH9IKF","needs-review","pending","링크 목적지와 지점명 추가 확인 필요"
"088abdb69cb8a6a2","나도국밥 오림점","mukkebi","https://bit.ly/4u7dE5j","needs-review","pending","링크 목적지와 지점명 추가 확인 필요"
"088abdb69cb8a6a2","나도국밥 오림점","phone_order","https://bit.ly/4x1ahQk","needs-review","pending","링크 목적지와 지점명 추가 확인 필요"
"088abdb69cb8a6a2","나도국밥 오림점","yogiyo","https://bit.ly/4aglLp7","needs-review","pending","링크 목적지와 지점명 추가 확인 필요"
"088abdb69cb8a6a2","나도국밥 오림점","baemin","https://bit.ly/4uDst0L","needs-review","pending","링크 목적지와 지점명 추가 확인 필요"
"10b54f62f36e9854","내조국 국밥 여수관문점","naver_map","https://bit.ly/4qdrQrG","needs-review","pending","링크 목적지와 지점명 추가 확인 필요"
"10b54f62f36e9854","내조국 국밥 여수관문점","direct_order","https://bit.ly/4r611XF","needs-review","pending","링크 목적지와 지점명 추가 확인 필요"
"10b54f62f36e9854","내조국 국밥 여수관문점","mukkebi","https://bit.ly/3NSEezY","needs-review","pending","링크 목적지와 지점명 추가 확인 필요"
"10b54f62f36e9854","내조국 국밥 여수관문점","ddangyo","https://bit.ly/4qq4uPS","needs-review","pending","링크 목적지와 지점명 추가 확인 필요"
"10b54f62f36e9854","내조국 국밥 여수관문점","phone_order","https://bit.ly/4tgDt3J","needs-review","pending","링크 목적지와 지점명 추가 확인 필요"
"10b54f62f36e9854","내조국 국밥 여수관문점","yogiyo","https://bit.ly/3NVR0O2","needs-review","pending","링크 목적지와 지점명 추가 확인 필요"
"10b54f62f36e9854","내조국 국밥 여수관문점","coupang_eats","https://bit.ly/4asnVCx","needs-review","pending","링크 목적지와 지점명 추가 확인 필요"
"10b54f62f36e9854","내조국 국밥 여수관문점","baemin","https://bit.ly/4a9VIz3","needs-review","pending","링크 목적지와 지점명 추가 확인 필요"
"446987616ddf6443","내조국 국밥 터미널점","direct_order","https://bit.ly/4n7mtdT","needs-review","pending","링크 목적지와 지점명 추가 확인 필요"
"446987616ddf6443","내조국 국밥 터미널점","mukkebi","https://bit.ly/3Oq6vyx","needs-review","pending","링크 목적지와 지점명 추가 확인 필요"
"446987616ddf6443","내조국 국밥 터미널점","phone_order","https://bit.ly/41W1O2v","needs-review","pending","링크 목적지와 지점명 추가 확인 필요"
"446987616ddf6443","내조국 국밥 터미널점","baemin","https://bit.ly/4sR0EQE","needs-review","pending","링크 목적지와 지점명 추가 확인 필요"
"884d23981fd2429a","네네치킨 둔덕미평점","ddangyo","https://bit.ly/tk-네네치킨둔덕미평점","exact-safe","batch-01-restored","고유 Notion 페이지와 링크 상호·지점 또는 공식 목적지 일치"
"884d23981fd2429a","네네치킨 둔덕미평점","phone_order","/p/37dda158dd2a8028b051e7239ab34143?pvs=25","needs-review","pending","링크 목적지와 지점명 추가 확인 필요"
"884d23981fd2429a","네네치킨 둔덕미평점","yogiyo","https://ws.yogiyo.co.kr/qxv263","exact-safe","batch-01-restored","고유 Notion 페이지와 링크 상호·지점 또는 공식 목적지 일치"
"884d23981fd2429a","네네치킨 둔덕미평점","coupang_eats","https://bit.ly/cu-네네치킨둔덕미평점","exact-safe","batch-01-restored","고유 Notion 페이지와 링크 상호·지점 또는 공식 목적지 일치"
"884d23981fd2429a","네네치킨 둔덕미평점","baemin","https://bit.ly/bm-네네치킨둔덕미평점","exact-safe","batch-01-restored","고유 Notion 페이지와 링크 상호·지점 또는 공식 목적지 일치"
"a93abf2f62c2dd79","노랑통닭 여수봉산점","direct_order","https://bit.ly/4rct8E2","needs-review","pending","링크 목적지와 지점명 추가 확인 필요"
"a93abf2f62c2dd79","노랑통닭 여수봉산점","ddangyo","https://bit.ly/4r9LRjF","needs-review","pending","링크 목적지와 지점명 추가 확인 필요"
"a93abf2f62c2dd79","노랑통닭 여수봉산점","phone_order","https://bit.ly/45yJfUl","needs-review","pending","링크 목적지와 지점명 추가 확인 필요"
"a93abf2f62c2dd79","노랑통닭 여수봉산점","yogiyo","https://bit.ly/3ZxYTvz","needs-review","pending","링크 목적지와 지점명 추가 확인 필요"
"a93abf2f62c2dd79","노랑통닭 여수봉산점","coupang_eats","https://bit.ly/3LDmuIa","needs-review","pending","링크 목적지와 지점명 추가 확인 필요"
"a93abf2f62c2dd79","노랑통닭 여수봉산점","baemin","https://bit.ly/49YKuNY","needs-review","pending","링크 목적지와 지점명 추가 확인 필요"
"83efed7d2768d111","늘 커피","ddangyo","https://bit.ly/tk-neul","needs-review","pending","링크 목적지와 지점명 추가 확인 필요"
"83efed7d2768d111","늘 커피","phone_order","https://bit.ly/tel050713725908","needs-review","pending","링크 목적지와 지점명 추가 확인 필요"
"83efed7d2768d111","늘 커피","yogiyo","https://bit.ly/yo-neul","needs-review","pending","링크 목적지와 지점명 추가 확인 필요"
"0d3062d5a5b94697","다기야치킨 여문점","ddangyo","https://bit.ly/tk-다기야치킨여문점","exact-safe","batch-01-restored","고유 Notion 페이지와 링크 상호·지점 또는 공식 목적지 일치"
"0d3062d5a5b94697","다기야치킨 여문점","coupang_eats","https://bit.ly/cu-다기야치킨여문점","exact-safe","batch-01-restored","고유 Notion 페이지와 링크 상호·지점 또는 공식 목적지 일치"
"0d3062d5a5b94697","다기야치킨 여문점","baemin","https://bit.ly/bm-다기야치킨여문점","exact-safe","batch-01-restored","고유 Notion 페이지와 링크 상호·지점 또는 공식 목적지 일치"
"9e0a2da7ddfa3d93","다정아구 미평","ddangyo","https://bit.ly/tk-다정아구","wrong-branch","pending","URL에 현재 가게와 다른 상호·지점 흔적"
"9e0a2da7ddfa3d93","다정아구 미평","baemin","https://bit.ly/bm-다정아구","wrong-branch","pending","URL에 현재 가게와 다른 상호·지점 흔적"
"8a219b158c321627","닭가대표 숯불직화구이치킨 여수대표점","ddangyo","https://bit.ly/tk-닭가대표숯불직화구이치킨여수대표점","exact-safe","batch-01-restored","고유 Notion 페이지와 링크 상호·지점 또는 공식 목적지 일치"
"8a219b158c321627","닭가대표 숯불직화구이치킨 여수대표점","yogiyo","https://bit.ly/yo-닭가대표숯불직화구이치킨여수대표점","exact-safe","batch-01-restored","고유 Notion 페이지와 링크 상호·지점 또는 공식 목적지 일치"
"8a219b158c321627","닭가대표 숯불직화구이치킨 여수대표점","coupang_eats","https://bit.ly/cu-닭가대표숯불직화구이치킨여수대표점","exact-safe","batch-01-restored","고유 Notion 페이지와 링크 상호·지점 또는 공식 목적지 일치"
"8a219b158c321627","닭가대표 숯불직화구이치킨 여수대표점","baemin","https://bit.ly/bm-닭가대표숯불직화구이치킨여수대표점","exact-safe","batch-01-restored","고유 Notion 페이지와 링크 상호·지점 또는 공식 목적지 일치"
"eb850ecfb17945a7","당빙땡 여수점","naver_map","https://bit.ly/3Z5VRP8","needs-review","pending","링크 목적지와 지점명 추가 확인 필요"
"eb850ecfb17945a7","당빙땡 여수점","direct_order","https://bit.ly/4qXgpFU","needs-review","pending","링크 목적지와 지점명 추가 확인 필요"
"eb850ecfb17945a7","당빙땡 여수점","mukkebi","https://bit.ly/4qf7f6r","needs-review","pending","링크 목적지와 지점명 추가 확인 필요"
"eb850ecfb17945a7","당빙땡 여수점","ddangyo","https://bit.ly/4t9aNtt","needs-review","pending","링크 목적지와 지점명 추가 확인 필요"
"eb850ecfb17945a7","당빙땡 여수점","phone_order","https://bit.ly/4a7CaeX","needs-review","pending","링크 목적지와 지점명 추가 확인 필요"
"eb850ecfb17945a7","당빙땡 여수점","yogiyo","https://bit.ly/3M4oLfA","needs-review","pending","링크 목적지와 지점명 추가 확인 필요"
"eb850ecfb17945a7","당빙땡 여수점","coupang_eats","https://bit.ly/4tbdH0G","needs-review","pending","링크 목적지와 지점명 추가 확인 필요"
"eb850ecfb17945a7","당빙땡 여수점","baemin","https://bit.ly/4c22p90","needs-review","pending","링크 목적지와 지점명 추가 확인 필요"
"f31d8c5f04fb7b79","대박난쪽갈비 여수점","ddangyo","https://bit.ly/tk-대박난쪽갈비여수점","exact-safe","batch-01-restored","고유 Notion 페이지와 링크 상호·지점 또는 공식 목적지 일치"
"f31d8c5f04fb7b79","대박난쪽갈비 여수점","yogiyo","https://bit.ly/yo-대박난쪽갈비여수점","exact-safe","batch-01-restored","고유 Notion 페이지와 링크 상호·지점 또는 공식 목적지 일치"
"f31d8c5f04fb7b79","대박난쪽갈비 여수점","coupang_eats","https://bit.ly/cu-대박난쪽갈비여수점","exact-safe","batch-01-restored","고유 Notion 페이지와 링크 상호·지점 또는 공식 목적지 일치"
"f31d8c5f04fb7b79","대박난쪽갈비 여수점","baemin","https://bit.ly/bm-대박난쪽갈비여수점","exact-safe","batch-01-restored","고유 Notion 페이지와 링크 상호·지점 또는 공식 목적지 일치"
"5fd5f9ecd8251999","대박삼겹김치찜","ddangyo","https://bit.ly/tk-daebak","needs-review","pending","링크 목적지와 지점명 추가 확인 필요"
"5fd5f9ecd8251999","대박삼겹김치찜","phone_order","https://bit.ly/tel010-8412-7720","needs-review","pending","링크 목적지와 지점명 추가 확인 필요"
"5fd5f9ecd8251999","대박삼겹김치찜","yogiyo","https://bit.ly/yo-daebak","needs-review","pending","링크 목적지와 지점명 추가 확인 필요"
"406b4a0b39f729fc","대정식당 미평점","ddangyo","https://bit.ly/tk-대정식당","wrong-branch","pending","URL에 현재 가게와 다른 상호·지점 흔적"
"406b4a0b39f729fc","대정식당 미평점","yogiyo","https://ws.yogiyo.co.kr/ih4u4e","exact-safe","pending","고유 Notion 페이지와 링크 상호·지점 또는 공식 목적지 일치"
"406b4a0b39f729fc","대정식당 미평점","baemin","https://bit.ly/bm-대정식당","wrong-branch","pending","URL에 현재 가게와 다른 상호·지점 흔적"
"dabbebff4fca3c56","대패가1900 문수점","yogiyo","https://bit.ly/yo-대패가1900문수점","exact-safe","batch-01-restored","고유 Notion 페이지와 링크 상호·지점 또는 공식 목적지 일치"
"dabbebff4fca3c56","대패가1900 문수점","coupang_eats","https://bit.ly/cu-대패가1900문수점","exact-safe","batch-01-restored","고유 Notion 페이지와 링크 상호·지점 또는 공식 목적지 일치"
"dabbebff4fca3c56","대패가1900 문수점","baemin","https://bit.ly/bm-대패가1900문수점","exact-safe","batch-01-restored","고유 Notion 페이지와 링크 상호·지점 또는 공식 목적지 일치"
"452526604d3b10c4","더벤티 미평점","naver_map","https://bit.ly/4kaXgxv","needs-review","pending","링크 목적지와 지점명 추가 확인 필요"
"452526604d3b10c4","더벤티 미평점","direct_order","https://bit.ly/3Zbk1aT","needs-review","pending","링크 목적지와 지점명 추가 확인 필요"
"452526604d3b10c4","더벤티 미평점","ddangyo","https://bit.ly/4t9widN","needs-review","pending","링크 목적지와 지점명 추가 확인 필요"
"452526604d3b10c4","더벤티 미평점","phone_order","https://bit.ly/45HPVPZ","needs-review","pending","링크 목적지와 지점명 추가 확인 필요"
"452526604d3b10c4","더벤티 미평점","yogiyo","https://bit.ly/49PG7Ga","needs-review","pending","링크 목적지와 지점명 추가 확인 필요"
"452526604d3b10c4","더벤티 미평점","coupang_eats","https://bit.ly/4keLUsn","needs-review","pending","링크 목적지와 지점명 추가 확인 필요"
"452526604d3b10c4","더벤티 미평점","baemin","https://bit.ly/4c2QR5m","needs-review","pending","링크 목적지와 지점명 추가 확인 필요"
"45dc9cf61ba55263","덮덮밥 미평점","mukkebi","https://bit.ly/4mkXIdM","needs-review","pending","링크 목적지와 지점명 추가 확인 필요"
"45dc9cf61ba55263","덮덮밥 미평점","ddangyo","https://bit.ly/tk-덮덮밥미평점","exact-safe","pending","고유 Notion 페이지와 링크 상호·지점 또는 공식 목적지 일치"
"45dc9cf61ba55263","덮덮밥 미평점","yogiyo","https://bit.ly/yo-덮덮밥미평점","exact-safe","pending","고유 Notion 페이지와 링크 상호·지점 또는 공식 목적지 일치"
"8cf43f95e569fe29","도란도란","direct_order","https://bit.ly/4cWQbys","needs-review","pending","링크 목적지와 지점명 추가 확인 필요"
"8cf43f95e569fe29","도란도란","mukkebi","https://bit.ly/4uBOgFS","needs-review","pending","링크 목적지와 지점명 추가 확인 필요"
"8cf43f95e569fe29","도란도란","phone_order","https://bit.ly/4eEVwf0","needs-review","pending","링크 목적지와 지점명 추가 확인 필요"
"8cf43f95e569fe29","도란도란","yogiyo","https://bit.ly/4cDA9bG","needs-review","pending","링크 목적지와 지점명 추가 확인 필요"
"8cf43f95e569fe29","도란도란","coupang_eats","https://bit.ly/48cFaXa","needs-review","pending","링크 목적지와 지점명 추가 확인 필요"
"8cf43f95e569fe29","도란도란","baemin","https://bit.ly/4vOEMZd","needs-review","pending","링크 목적지와 지점명 추가 확인 필요"
"1ecbe36dd1efafed","돈치킨 여수둔덕봉계점","ddangyo","https://bit.ly/tk-돈치킨여수둔덕봉계점","exact-safe","pending","고유 Notion 페이지와 링크 상호·지점 또는 공식 목적지 일치"
"1ecbe36dd1efafed","돈치킨 여수둔덕봉계점","yogiyo","https://bit.ly/yo-돈치킨여수둔덕봉계점","exact-safe","pending","고유 Notion 페이지와 링크 상호·지점 또는 공식 목적지 일치"
"9fb6e32d9f70edc1","두찜 여수 봉계점","direct_order","https://bit.ly/3PHkCzQ","needs-review","pending","링크 목적지와 지점명 추가 확인 필요"
"9fb6e32d9f70edc1","두찜 여수 봉계점","ddangyo","https://bit.ly/4wDyITz","needs-review","pending","링크 목적지와 지점명 추가 확인 필요"
"9fb6e32d9f70edc1","두찜 여수 봉계점","phone_order","https://bit.ly/49WX8O3","needs-review","pending","링크 목적지와 지점명 추가 확인 필요"
"9fb6e32d9f70edc1","두찜 여수 봉계점","yogiyo","https://bit.ly/42ODsbu","needs-review","pending","링크 목적지와 지점명 추가 확인 필요"
"9fb6e32d9f70edc1","두찜 여수 봉계점","coupang_eats","https://bit.ly/4urNcoj","needs-review","pending","링크 목적지와 지점명 추가 확인 필요"
"9fb6e32d9f70edc1","두찜 여수 봉계점","baemin","https://bit.ly/4a2W3UZ","needs-review","pending","링크 목적지와 지점명 추가 확인 필요"
"2dda90913b0b1a4c","두찜 여수국동점","ddangyo","https://bit.ly/tk-두찜여수국동점","exact-safe","pending","고유 Notion 페이지와 링크 상호·지점 또는 공식 목적지 일치"
"2dda90913b0b1a4c","두찜 여수국동점","phone_order","https://bit.ly/tel0616442272","needs-review","pending","링크 목적지와 지점명 추가 확인 필요"
"2dda90913b0b1a4c","두찜 여수국동점","yogiyo","https://bit.ly/yo-두찜여수국동점","exact-safe","pending","고유 Notion 페이지와 링크 상호·지점 또는 공식 목적지 일치"
"996f54c7c66ec979","등뼈감자탕 미평점","naver_map","https://bit.ly/3Zr7JLL","needs-review","pending","링크 목적지와 지점명 추가 확인 필요"
"996f54c7c66ec979","등뼈감자탕 미평점","direct_order","https://bit.ly/4tkj8e5","needs-review","pending","링크 목적지와 지점명 추가 확인 필요"
"996f54c7c66ec979","등뼈감자탕 미평점","mukkebi","https://bit.ly/4quCWbX","needs-review","pending","링크 목적지와 지점명 추가 확인 필요"
"996f54c7c66ec979","등뼈감자탕 미평점","ddangyo","https://bit.ly/4ttNpXW","needs-review","pending","링크 목적지와 지점명 추가 확인 필요"
"996f54c7c66ec979","등뼈감자탕 미평점","phone_order","https://bit.ly/3McFc9M","needs-review","pending","링크 목적지와 지점명 추가 확인 필요"
"996f54c7c66ec979","등뼈감자탕 미평점","coupang_eats","https://bit.ly/4kl3dYC","needs-review","pending","링크 목적지와 지점명 추가 확인 필요"
"996f54c7c66ec979","등뼈감자탕 미평점","baemin","https://bit.ly/4aightk","needs-review","pending","링크 목적지와 지점명 추가 확인 필요"
"d6602c793047b361","뚜레쥬르 여수미평점","ddangyo","https://bit.ly/tk-뚜레쥬르여수미평점","exact-safe","pending","고유 Notion 페이지와 링크 상호·지점 또는 공식 목적지 일치"
"d6602c793047b361","뚜레쥬르 여수미평점","yogiyo","https://bit.ly/yo-뚜레쥬르여수미평점","exact-safe","pending","고유 Notion 페이지와 링크 상호·지점 또는 공식 목적지 일치"
"30d2edbcabcca6ec","뚜레쥬르 여수여서점","ddangyo","https://bit.ly/tk-뚜레쥬르여수여서점","exact-safe","pending","고유 Notion 페이지와 링크 상호·지점 또는 공식 목적지 일치"
"30d2edbcabcca6ec","뚜레쥬르 여수여서점","yogiyo","https://bit.ly/yo-뚜레쥬르여수여서점","exact-safe","pending","고유 Notion 페이지와 링크 상호·지점 또는 공식 목적지 일치"
"3a6078da746f1953","라홍방마라탕 문수점","direct_order","/2ecda158dd2a8073a560ca78e034cbd4?pvs=25","needs-review","pending","링크 목적지와 지점명 추가 확인 필요"
"3a6078da746f1953","라홍방마라탕 문수점","ddangyo","https://bit.ly/tk-라홍방마라탕문수점","exact-safe","pending","고유 Notion 페이지와 링크 상호·지점 또는 공식 목적지 일치"
"3a6078da746f1953","라홍방마라탕 문수점","phone_order","https://bit.ly/tel0616548240","needs-review","pending","링크 목적지와 지점명 추가 확인 필요"
"3a6078da746f1953","라홍방마라탕 문수점","yogiyo","https://bit.ly/yo-라홍방마라탕문수점","exact-safe","pending","고유 Notion 페이지와 링크 상호·지점 또는 공식 목적지 일치"
"cfe1c17e1840e7d3","라홍방마라탕 여수미평점","naver_map","https://bit.ly/3ZK2wi1","needs-review","pending","링크 목적지와 지점명 추가 확인 필요"
"cfe1c17e1840e7d3","라홍방마라탕 여수미평점","direct_order","https://bit.ly/3NLGZD9","needs-review","pending","링크 목적지와 지점명 추가 확인 필요"
"cfe1c17e1840e7d3","라홍방마라탕 여수미평점","ddangyo","https://bit.ly/3LDNhUM","needs-review","pending","링크 목적지와 지점명 추가 확인 필요"
"cfe1c17e1840e7d3","라홍방마라탕 여수미평점","phone_order","https://bit.ly/3Md3ssc","needs-review","pending","링크 목적지와 지점명 추가 확인 필요"
"cfe1c17e1840e7d3","라홍방마라탕 여수미평점","yogiyo","https://bit.ly/3M8xqO5","needs-review","pending","링크 목적지와 지점명 추가 확인 필요"
"cfe1c17e1840e7d3","라홍방마라탕 여수미평점","coupang_eats","https://bit.ly/4akZQxx","needs-review","pending","링크 목적지와 지점명 추가 확인 필요"
"cfe1c17e1840e7d3","라홍방마라탕 여수미평점","baemin","https://bit.ly/4tcawGq","needs-review","pending","링크 목적지와 지점명 추가 확인 필요"
"f7167d017e7368e7","롤링파스타 여서점","ddangyo","https://bit.ly/tk-롤링파스타여서점","exact-safe","pending","고유 Notion 페이지와 링크 상호·지점 또는 공식 목적지 일치"
"cabd6b395f6099e2","롯데리아 국동점","ddangyo","https://bit.ly/tk-lotte1","needs-review","pending","링크 목적지와 지점명 추가 확인 필요"
"cabd6b395f6099e2","롯데리아 국동점","phone_order","https://bit.ly/tel0616411365","needs-review","pending","링크 목적지와 지점명 추가 확인 필요"
"e0c6949efb48f4b2","롯데리아 이마트점","direct_order","https://bit.ly/lotte-이마트자동주문","wrong-branch","pending","URL에 현재 가게와 다른 상호·지점 흔적"
"e0c6949efb48f4b2","롯데리아 이마트점","phone_order","https://bit.ly/phone-롯데리아이마트점","exact-safe","pending","고유 Notion 페이지와 링크 상호·지점 또는 공식 목적지 일치"
"e0c6949efb48f4b2","롯데리아 이마트점","yogiyo","https://bit.ly/yo-lotte","needs-review","pending","링크 목적지와 지점명 추가 확인 필요"
"6092aabddf5f7194","롯데리아 중앙점","ddangyo","https://bit.ly/tk-lotte","needs-review","pending","링크 목적지와 지점명 추가 확인 필요"
"6092aabddf5f7194","롯데리아 중앙점","phone_order","https://bit.ly/tel0616620974","needs-review","pending","링크 목적지와 지점명 추가 확인 필요"
"6092aabddf5f7194","롯데리아 중앙점","yogiyo","https://ws.yogiyo.co.kr/y0v93w","exact-safe","pending","고유 Notion 페이지와 링크 상호·지점 또는 공식 목적지 일치"
"6092aabddf5f7194","롯데리아 중앙점","coupang_eats","https://bit.ly/cu-lotte","needs-review","pending","링크 목적지와 지점명 추가 확인 필요"
"6092aabddf5f7194","롯데리아 중앙점","baemin","https://bit.ly/bm-lotte","needs-review","pending","링크 목적지와 지점명 추가 확인 필요"
"2bd8ea8779f87995","리얼펍살얼음맥주 여수문수점","ddangyo","https://bit.ly/tk-리얼펍살얼음맥주여수문수점","exact-safe","pending","고유 Notion 페이지와 링크 상호·지점 또는 공식 목적지 일치"
"2bd8ea8779f87995","리얼펍살얼음맥주 여수문수점","yogiyo","https://bit.ly/yo-리얼펍살얼음맥주여수문수점","exact-safe","pending","고유 Notion 페이지와 링크 상호·지점 또는 공식 목적지 일치"
"27ea3ca86eab89ec","린차이나(먹깨비,땡겨요로 주문시 만두 서비스!!!)","ddangyo","https://bit.ly/tk-린차이나","wrong-branch","pending","URL에 현재 가게와 다른 상호·지점 흔적"
"27ea3ca86eab89ec","린차이나(먹깨비,땡겨요로 주문시 만두 서비스!!!)","yogiyo","https://ws.yogiyo.co.kr/zuhcyn","exact-safe","pending","고유 Notion 페이지와 링크 상호·지점 또는 공식 목적지 일치"
"27ea3ca86eab89ec","린차이나(먹깨비,땡겨요로 주문시 만두 서비스!!!)","coupang_eats","https://bit.ly/cu-린차이나","wrong-branch","pending","URL에 현재 가게와 다른 상호·지점 흔적"
"27ea3ca86eab89ec","린차이나(먹깨비,땡겨요로 주문시 만두 서비스!!!)","baemin","https://bit.ly/bm-린차이나","wrong-branch","pending","URL에 현재 가게와 다른 상호·지점 흔적"
"ce5dccb3d6031316","마선생 얼큰국밥","ddangyo","https://bit.ly/tk-masun","needs-review","pending","링크 목적지와 지점명 추가 확인 필요"
"ce5dccb3d6031316","마선생 얼큰국밥","phone_order","https://bit.ly/tel0616533260","needs-review","pending","링크 목적지와 지점명 추가 확인 필요"
"ce5dccb3d6031316","마선생 얼큰국밥","yogiyo","https://ws.yogiyo.co.kr/huo2ysn","exact-safe","pending","고유 Notion 페이지와 링크 상호·지점 또는 공식 목적지 일치"
"ce5dccb3d6031316","마선생 얼큰국밥","coupang_eats","https://bit.ly/cu-masun","needs-review","pending","링크 목적지와 지점명 추가 확인 필요"
"ce5dccb3d6031316","마선생 얼큰국밥","baemin","https://bit.ly/bm-masun","needs-review","pending","링크 목적지와 지점명 추가 확인 필요"
"10db3b0db6ebf8c5","맘스터치 문수점","ddangyo","https://bit.ly/tk-맘스터치문수점","exact-safe","batch-01-restored","고유 Notion 페이지와 링크 상호·지점 또는 공식 목적지 일치"
"10db3b0db6ebf8c5","맘스터치 문수점","phone_order","https://bit.ly/465Zo3W","needs-review","pending","링크 목적지와 지점명 추가 확인 필요"
"10db3b0db6ebf8c5","맘스터치 문수점","yogiyo","https://bit.ly/yo-맘스터치문수점","exact-safe","batch-01-restored","고유 Notion 페이지와 링크 상호·지점 또는 공식 목적지 일치"
"10db3b0db6ebf8c5","맘스터치 문수점","coupang_eats","https://bit.ly/cu-맘스터치문수점","exact-safe","batch-01-restored","고유 Notion 페이지와 링크 상호·지점 또는 공식 목적지 일치"
"10db3b0db6ebf8c5","맘스터치 문수점","baemin","https://bit.ly/bm-맘스터치문수점","exact-safe","batch-01-restored","고유 Notion 페이지와 링크 상호·지점 또는 공식 목적지 일치"
"1d729c41283c6026","맘스터치 여수미평점","naver_map","https://bit.ly/49SHQuo","needs-review","pending","링크 목적지와 지점명 추가 확인 필요"
"1d729c41283c6026","맘스터치 여수미평점","direct_order","https://bit.ly/4rhnBwe","needs-review","pending","링크 목적지와 지점명 추가 확인 필요"
"1d729c41283c6026","맘스터치 여수미평점","mukkebi","https://bit.ly/4ttkwKp","needs-review","pending","링크 목적지와 지점명 추가 확인 필요"
"1d729c41283c6026","맘스터치 여수미평점","ddangyo","https://bit.ly/3MdWvam","needs-review","pending","링크 목적지와 지점명 추가 확인 필요"
"1d729c41283c6026","맘스터치 여수미평점","phone_order","https://bit.ly/4qer3H9","needs-review","pending","링크 목적지와 지점명 추가 확인 필요"
"1d729c41283c6026","맘스터치 여수미평점","yogiyo","https://bit.ly/4k8hEiF","needs-review","pending","링크 목적지와 지점명 추가 확인 필요"
"1d729c41283c6026","맘스터치 여수미평점","coupang_eats","https://bit.ly/49UpLfy","needs-review","pending","링크 목적지와 지점명 추가 확인 필요"
"1d729c41283c6026","맘스터치 여수미평점","baemin","https://bit.ly/4burnha","needs-review","pending","링크 목적지와 지점명 추가 확인 필요"
"039652f6eff5f6d7","맛집남도밀면","ddangyo","https://bit.ly/tk-맛집남도밀면","exact-safe","pending","고유 Notion 페이지와 링크 상호·지점 또는 공식 목적지 일치"
"92c0c6cc2688ef0d","미미꼬마김밥 여서점","ddangyo","https://bit.ly/tk-미미꼬마김밥여서점","exact-safe","pending","고유 Notion 페이지와 링크 상호·지점 또는 공식 목적지 일치"
"92c0c6cc2688ef0d","미미꼬마김밥 여서점","yogiyo","https://bit.ly/yo-미미꼬마김밥여서점","exact-safe","pending","고유 Notion 페이지와 링크 상호·지점 또는 공식 목적지 일치"
"7a151d290e01dc51","미치게 본점","ddangyo","https://bit.ly/tk-미치게본점","exact-safe","pending","고유 Notion 페이지와 링크 상호·지점 또는 공식 목적지 일치"
"7a151d290e01dc51","미치게 본점","coupang_eats","https://bit.ly/cu-미치게본점","exact-safe","pending","고유 Notion 페이지와 링크 상호·지점 또는 공식 목적지 일치"
"7a151d290e01dc51","미치게 본점","baemin","https://bit.ly/bm-미치게본점","exact-safe","pending","고유 Notion 페이지와 링크 상호·지점 또는 공식 목적지 일치"
"00720e7025646b7f","미평햄버거 본점","naver_map","https://bit.ly/3PEKMmI","needs-review","pending","링크 목적지와 지점명 추가 확인 필요"
"00720e7025646b7f","미평햄버거 본점","direct_order","https://bit.ly/4bWrcJZ","needs-review","pending","링크 목적지와 지점명 추가 확인 필요"
"00720e7025646b7f","미평햄버거 본점","ddangyo","https://bit.ly/4168oDa","needs-review","pending","링크 목적지와 지점명 추가 확인 필요"
"00720e7025646b7f","미평햄버거 본점","phone_order","https://bit.ly/4bKS7K7","needs-review","pending","링크 목적지와 지점명 추가 확인 필요"
"00720e7025646b7f","미평햄버거 본점","yogiyo","https://bit.ly/3NWrGaY","needs-review","pending","링크 목적지와 지점명 추가 확인 필요"
"00720e7025646b7f","미평햄버거 본점","baemin","https://bit.ly/4v8zLdG","needs-review","pending","링크 목적지와 지점명 추가 확인 필요"
"720bbd7fb87816a7","반올림피자 여수미평점","ddangyo","https://bit.ly/tk-반올림피자여수미평점","exact-safe","pending","고유 Notion 페이지와 링크 상호·지점 또는 공식 목적지 일치"
"720bbd7fb87816a7","반올림피자 여수미평점","phone_order","https://bit.ly/tel0616527979","needs-review","pending","링크 목적지와 지점명 추가 확인 필요"
"720bbd7fb87816a7","반올림피자 여수미평점","yogiyo","https://bit.ly/yo-반올림피자여수미평점","exact-safe","pending","고유 Notion 페이지와 링크 상호·지점 또는 공식 목적지 일치"
"c938cc2ee278ce23","배떡 여수점","ddangyo","https://bit.ly/tk-배떡여수점","exact-safe","pending","고유 Notion 페이지와 링크 상호·지점 또는 공식 목적지 일치"
"c938cc2ee278ce23","배떡 여수점","phone_order","https://bit.ly/tel0616548288","needs-review","pending","링크 목적지와 지점명 추가 확인 필요"
"c938cc2ee278ce23","배떡 여수점","yogiyo","https://bit.ly/yo-배떡여수점","exact-safe","pending","고유 Notion 페이지와 링크 상호·지점 또는 공식 목적지 일치"
"6286966a0169a76b","배스킨라빈스 여수미평점","naver_map","https://bit.ly/4cieSE0","needs-review","pending","링크 목적지와 지점명 추가 확인 필요"
"6286966a0169a76b","배스킨라빈스 여수미평점","direct_order","https://bit.ly/4dERfrD","needs-review","pending","링크 목적지와 지점명 추가 확인 필요"
"6286966a0169a76b","배스킨라빈스 여수미평점","ddangyo","https://bit.ly/3Qg2z3L","needs-review","pending","링크 목적지와 지점명 추가 확인 필요"
"6286966a0169a76b","배스킨라빈스 여수미평점","phone_order","https://bit.ly/4c1UXKH","needs-review","pending","링크 목적지와 지점명 추가 확인 필요"
"6286966a0169a76b","배스킨라빈스 여수미평점","yogiyo","https://bit.ly/41Y0yMc","needs-review","pending","링크 목적지와 지점명 추가 확인 필요"
"6286966a0169a76b","배스킨라빈스 여수미평점","coupang_eats","https://bit.ly/4tFpwff","needs-review","pending","링크 목적지와 지점명 추가 확인 필요"
"6286966a0169a76b","배스킨라빈스 여수미평점","baemin","https://bit.ly/41klOeZ","needs-review","pending","링크 목적지와 지점명 추가 확인 필요"
"0619092f600c5be4","배스킨라빈스 여수여서점","ddangyo","https://bit.ly/tk-배스킨라빈스여수여서점","exact-safe","pending","고유 Notion 페이지와 링크 상호·지점 또는 공식 목적지 일치"
"0619092f600c5be4","배스킨라빈스 여수여서점","yogiyo","https://bit.ly/yo-배스킨라빈스여수여서점","exact-safe","pending","고유 Notion 페이지와 링크 상호·지점 또는 공식 목적지 일치"
"0987413e7ca12e2a","백년족발","coupang_eats","https://bit.ly/cu-백년족발","exact-safe","pending","고유 Notion 페이지와 링크 상호·지점 또는 공식 목적지 일치"
"0987413e7ca12e2a","백년족발","baemin","https://bit.ly/bm-백년족발","exact-safe","pending","고유 Notion 페이지와 링크 상호·지점 또는 공식 목적지 일치"
"6c3386fc9f4a5b5b","백수초밥","ddangyo","https://bit.ly/tk-백수초밥","exact-safe","pending","고유 Notion 페이지와 링크 상호·지점 또는 공식 목적지 일치"
"40c638502decc604","백억 흑미 꼬마김밥","ddangyo","https://bit.ly/tk-백억흑미꼬마김밥","exact-safe","pending","고유 Notion 페이지와 링크 상호·지점 또는 공식 목적지 일치"
"40c638502decc604","백억 흑미 꼬마김밥","yogiyo","https://bit.ly/yo-백억흑미꼬마김밥","exact-safe","pending","고유 Notion 페이지와 링크 상호·지점 또는 공식 목적지 일치"
"57ae8848b4ccc2a1","본스치킨 미평점","ddangyo","https://bit.ly/tk-본스치킨미평점","exact-safe","batch-01-restored","고유 Notion 페이지와 링크 상호·지점 또는 공식 목적지 일치"
"57ae8848b4ccc2a1","본스치킨 미평점","yogiyo","https://bit.ly/yo-본스치킨미평점","exact-safe","batch-01-restored","고유 Notion 페이지와 링크 상호·지점 또는 공식 목적지 일치"
"57ae8848b4ccc2a1","본스치킨 미평점","coupang_eats","https://bit.ly/cu-본스치킨미평점","exact-safe","batch-01-restored","고유 Notion 페이지와 링크 상호·지점 또는 공식 목적지 일치"
"57ae8848b4ccc2a1","본스치킨 미평점","baemin","https://bit.ly/bm-본스치킨미평점","exact-safe","batch-01-restored","고유 Notion 페이지와 링크 상호·지점 또는 공식 목적지 일치"
"7c03a236a9c011b4","봉구스밥버거 문수점","ddangyo","https://bit.ly/tk-봉구스밥버거문수점","exact-safe","pending","고유 Notion 페이지와 링크 상호·지점 또는 공식 목적지 일치"
"7c03a236a9c011b4","봉구스밥버거 문수점","yogiyo","https://bit.ly/yo-봉구스밥버거문수점","exact-safe","pending","고유 Notion 페이지와 링크 상호·지점 또는 공식 목적지 일치"
"8d36892e33e3536b","봉명동내커피 여수문수점","ddangyo","https://bit.ly/tk-봉명동내커피여수문수점","exact-safe","pending","고유 Notion 페이지와 링크 상호·지점 또는 공식 목적지 일치"
"8d36892e33e3536b","봉명동내커피 여수문수점","phone_order","https://bit.ly/tel050720934075","needs-review","pending","링크 목적지와 지점명 추가 확인 필요"
"8d36892e33e3536b","봉명동내커피 여수문수점","yogiyo","https://bit.ly/yo-봉명동내커피여수문수점","exact-safe","pending","고유 Notion 페이지와 링크 상호·지점 또는 공식 목적지 일치"
"ba73ff085a9fe8a1","부대찌개 전쟁터","ddangyo","https://bit.ly/tk-부대찌개전쟁터","exact-safe","pending","고유 Notion 페이지와 링크 상호·지점 또는 공식 목적지 일치"
"ba73ff085a9fe8a1","부대찌개 전쟁터","phone_order","https://bit.ly/tel0616657892","needs-review","pending","링크 목적지와 지점명 추가 확인 필요"
"ba73ff085a9fe8a1","부대찌개 전쟁터","yogiyo","https://bit.ly/yo-부대찌개전쟁터","exact-safe","pending","고유 Notion 페이지와 링크 상호·지점 또는 공식 목적지 일치"
"c1a35b0c8903cd57","북촌손만두&피냉면 여수문수점","ddangyo","https://bit.ly/tk-북촌손만두피냉면여수문수점","exact-safe","pending","고유 Notion 페이지와 링크 상호·지점 또는 공식 목적지 일치"
"c1a35b0c8903cd57","북촌손만두&피냉면 여수문수점","yogiyo","https://bit.ly/yo-북촌손만두피냉면여수문수점","exact-safe","pending","고유 Notion 페이지와 링크 상호·지점 또는 공식 목적지 일치"
"372fc26c2137b79f","불로만치킨바베큐 여서점","naver_map","https://bit.ly/4qKh9hv","needs-review","pending","링크 목적지와 지점명 추가 확인 필요"
"372fc26c2137b79f","불로만치킨바베큐 여서점","direct_order","https://bit.ly/3NUeN0N","needs-review","pending","링크 목적지와 지점명 추가 확인 필요"
"372fc26c2137b79f","불로만치킨바베큐 여서점","mukkebi","https://bit.ly/4rj7Dlf","needs-review","pending","링크 목적지와 지점명 추가 확인 필요"
"372fc26c2137b79f","불로만치킨바베큐 여서점","phone_order","https://bit.ly/462l4ha","needs-review","pending","링크 목적지와 지점명 추가 확인 필요"
"372fc26c2137b79f","불로만치킨바베큐 여서점","yogiyo","https://bit.ly/4t4L5Gr","needs-review","pending","링크 목적지와 지점명 추가 확인 필요"
"372fc26c2137b79f","불로만치킨바베큐 여서점","coupang_eats","https://bit.ly/4t4BejQ","needs-review","pending","링크 목적지와 지점명 추가 확인 필요"
"372fc26c2137b79f","불로만치킨바베큐 여서점","baemin","https://bit.ly/49KOOSa","needs-review","pending","링크 목적지와 지점명 추가 확인 필요"
"450856a6b5fd4846","비비큐 여수여서점","naver_map","https://bit.ly/4mH3Eh2","needs-review","pending","링크 목적지와 지점명 추가 확인 필요"
"450856a6b5fd4846","비비큐 여수여서점","direct_order","https://bit.ly/3QnYXgf","needs-review","pending","링크 목적지와 지점명 추가 확인 필요"
"450856a6b5fd4846","비비큐 여수여서점","mukkebi","https://bit.ly/4cD8cAD","needs-review","pending","링크 목적지와 지점명 추가 확인 필요"
"450856a6b5fd4846","비비큐 여수여서점","ddangyo","https://bit.ly/4sMp9yu","needs-review","pending","링크 목적지와 지점명 추가 확인 필요"
"450856a6b5fd4846","비비큐 여수여서점","phone_order","https://bit.ly/42jpi1w","needs-review","pending","링크 목적지와 지점명 추가 확인 필요"
"450856a6b5fd4846","비비큐 여수여서점","yogiyo","https://bit.ly/3QdjsfH","needs-review","pending","링크 목적지와 지점명 추가 확인 필요"
"450856a6b5fd4846","비비큐 여수여서점","coupang_eats","https://bit.ly/4tv9NQm","needs-review","pending","링크 목적지와 지점명 추가 확인 필요"
"450856a6b5fd4846","비비큐 여수여서점","baemin","https://bit.ly/42oBTk0","needs-review","pending","링크 목적지와 지점명 추가 확인 필요"
"29413e4ca86793cf","빙동댕 여수문수점","naver_map","https://bit.ly/3Z3oc8Q","needs-review","pending","링크 목적지와 지점명 추가 확인 필요"
"29413e4ca86793cf","빙동댕 여수문수점","direct_order","https://bit.ly/3NFbP0d","needs-review","pending","링크 목적지와 지점명 추가 확인 필요"
"29413e4ca86793cf","빙동댕 여수문수점","mukkebi","https://bit.ly/46fTZqM","needs-review","pending","링크 목적지와 지점명 추가 확인 필요"
"29413e4ca86793cf","빙동댕 여수문수점","ddangyo","https://bit.ly/4kcX9la","needs-review","pending","링크 목적지와 지점명 추가 확인 필요"
"29413e4ca86793cf","빙동댕 여수문수점","phone_order","https://bit.ly/3NHDYnk","needs-review","pending","링크 목적지와 지점명 추가 확인 필요"
"29413e4ca86793cf","빙동댕 여수문수점","yogiyo","https://bit.ly/3NHDZHU","needs-review","pending","링크 목적지와 지점명 추가 확인 필요"
"29413e4ca86793cf","빙동댕 여수문수점","coupang_eats","https://bit.ly/3NT4OJ3","needs-review","pending","링크 목적지와 지점명 추가 확인 필요"
"29413e4ca86793cf","빙동댕 여수문수점","baemin","https://bit.ly/3LOI4tf","needs-review","pending","링크 목적지와 지점명 추가 확인 필요"
"f14bc5ec109f3af0","빵빵김밥 여서점","ddangyo","https://bit.ly/tk-빵빵김밥여서점","exact-safe","batch-01-restored","고유 Notion 페이지와 링크 상호·지점 또는 공식 목적지 일치"
"f14bc5ec109f3af0","빵빵김밥 여서점","yogiyo","https://bit.ly/yo-빵빵김밥여서점","exact-safe","batch-01-restored","고유 Notion 페이지와 링크 상호·지점 또는 공식 목적지 일치"
"f14bc5ec109f3af0","빵빵김밥 여서점","coupang_eats","https://bit.ly/cu-빵빵김밥여서점","exact-safe","batch-01-restored","고유 Notion 페이지와 링크 상호·지점 또는 공식 목적지 일치"
"f14bc5ec109f3af0","빵빵김밥 여서점","baemin","https://bit.ly/bm-빵빵김밥여서점","exact-safe","batch-01-restored","고유 Notion 페이지와 링크 상호·지점 또는 공식 목적지 일치"
"8d21bc80dd49679e","빵위에치즈 여수점","ddangyo","https://bit.ly/tk-빵위에치즈여수점","exact-safe","pending","고유 Notion 페이지와 링크 상호·지점 또는 공식 목적지 일치"
"8d21bc80dd49679e","빵위에치즈 여수점","phone_order","https://bit.ly/tel0616540172","needs-review","pending","링크 목적지와 지점명 추가 확인 필요"
"8d21bc80dd49679e","빵위에치즈 여수점","yogiyo","https://bit.ly/yo-빵위에치즈여수점","exact-safe","pending","고유 Notion 페이지와 링크 상호·지점 또는 공식 목적지 일치"
"8d21bc80dd49679e","빵위에치즈 여수점","coupang_eats","https://bit.ly/cu-빵위에치즈1인피자","exact-safe","pending","고유 Notion 페이지와 링크 상호·지점 또는 공식 목적지 일치"
"8d21bc80dd49679e","빵위에치즈 여수점","baemin","https://bit.ly/bm-빵위에치즈1인피자","exact-safe","pending","고유 Notion 페이지와 링크 상호·지점 또는 공식 목적지 일치"
"aa0a00258c22f377","뽕뜨락피자 여수여서점","direct_order","https://bit.ly/4dN1g4l","needs-review","pending","링크 목적지와 지점명 추가 확인 필요"
"aa0a00258c22f377","뽕뜨락피자 여수여서점","mukkebi","https://bit.ly/4v7f8gW","needs-review","pending","링크 목적지와 지점명 추가 확인 필요"
"aa0a00258c22f377","뽕뜨락피자 여수여서점","ddangyo","https://bit.ly/4nVqW3y","needs-review","pending","링크 목적지와 지점명 추가 확인 필요"
"aa0a00258c22f377","뽕뜨락피자 여수여서점","phone_order","https://bit.ly/4uaVXlK","needs-review","pending","링크 목적지와 지점명 추가 확인 필요"
"aa0a00258c22f377","뽕뜨락피자 여수여서점","yogiyo","https://bit.ly/4nUIQn8","needs-review","pending","링크 목적지와 지점명 추가 확인 필요"
"aa0a00258c22f377","뽕뜨락피자 여수여서점","coupang_eats","https://bit.ly/4vhmpLp","needs-review","pending","링크 목적지와 지점명 추가 확인 필요"
"aa0a00258c22f377","뽕뜨락피자 여수여서점","baemin","https://bit.ly/4dJaY9r","needs-review","pending","링크 목적지와 지점명 추가 확인 필요"
"9509311543276bbf","삼첩분식 미평점","ddangyo","https://bit.ly/tk-삼첩분식미평점","exact-safe","pending","고유 Notion 페이지와 링크 상호·지점 또는 공식 목적지 일치"
"9509311543276bbf","삼첩분식 미평점","yogiyo","https://bit.ly/yo-삼첩분식미평점","exact-safe","pending","고유 Notion 페이지와 링크 상호·지점 또는 공식 목적지 일치"
"90cd1600c54ce7d0","서영이네김밥 미평점","ddangyo","https://bit.ly/tk-서영이네김밥미평점","exact-safe","pending","고유 Notion 페이지와 링크 상호·지점 또는 공식 목적지 일치"
"6daf3c1e0dfb68fe","서울깍두기 미평직영점","ddangyo","https://bit.ly/tk-서울깍두기미평직영점","exact-safe","pending","고유 Notion 페이지와 링크 상호·지점 또는 공식 목적지 일치"
"6daf3c1e0dfb68fe","서울깍두기 미평직영점","phone_order","https://bit.ly/4qzVUPa","needs-review","pending","링크 목적지와 지점명 추가 확인 필요"
"6daf3c1e0dfb68fe","서울깍두기 미평직영점","yogiyo","https://bit.ly/3YZ4sTK","needs-review","pending","링크 목적지와 지점명 추가 확인 필요"
"6daf3c1e0dfb68fe","서울깍두기 미평직영점","coupang_eats","https://bit.ly/45s6Tls","needs-review","pending","링크 목적지와 지점명 추가 확인 필요"
"6daf3c1e0dfb68fe","서울깍두기 미평직영점","baemin","https://bit.ly/4rdwkzh","needs-review","pending","링크 목적지와 지점명 추가 확인 필요"
"944533e323d7707e","서울해장국","naver_map","https://bit.ly/45QeytY","needs-review","pending","링크 목적지와 지점명 추가 확인 필요"
"944533e323d7707e","서울해장국","direct_order","https://bit.ly/3ZQnTyg","needs-review","pending","링크 목적지와 지점명 추가 확인 필요"
"944533e323d7707e","서울해장국","mukkebi","https://bit.ly/4qV6RuJ","needs-review","pending","링크 목적지와 지점명 추가 확인 필요"
"944533e323d7707e","서울해장국","ddangyo","https://bit.ly/3ZMYWUm","needs-review","pending","링크 목적지와 지점명 추가 확인 필요"
"944533e323d7707e","서울해장국","phone_order","https://bit.ly/4qm19RN","needs-review","pending","링크 목적지와 지점명 추가 확인 필요"
"944533e323d7707e","서울해장국","yogiyo","https://bit.ly/3M4CLGe","needs-review","pending","링크 목적지와 지점명 추가 확인 필요"
"944533e323d7707e","서울해장국","coupang_eats","https://bit.ly/3NNRZQu","needs-review","pending","링크 목적지와 지점명 추가 확인 필요"
"944533e323d7707e","서울해장국","baemin","https://bit.ly/4r0FxeO","needs-review","pending","링크 목적지와 지점명 추가 확인 필요"
"a2f437f54b756898","소풍 미평점","ddangyo","https://bit.ly/tk-소풍","wrong-branch","pending","URL에 현재 가게와 다른 상호·지점 흔적"
"a2f437f54b756898","소풍 미평점","phone_order","https://bit.ly/tel0619203023","needs-review","pending","링크 목적지와 지점명 추가 확인 필요"
"a2f437f54b756898","소풍 미평점","yogiyo","https://bit.ly/yo-소풍","wrong-branch","pending","URL에 현재 가게와 다른 상호·지점 흔적"
"67a9e4f14c8c7ea4","손수김밥 양지점","direct_order","https://bit.ly/4dP93QL","needs-review","pending","링크 목적지와 지점명 추가 확인 필요"
"67a9e4f14c8c7ea4","손수김밥 양지점","mukkebi","https://bit.ly/47p4okQ","needs-review","pending","링크 목적지와 지점명 추가 확인 필요"
"67a9e4f14c8c7ea4","손수김밥 양지점","ddangyo","https://bit.ly/4dO5URg","needs-review","pending","링크 목적지와 지점명 추가 확인 필요"
"67a9e4f14c8c7ea4","손수김밥 양지점","phone_order","https://bit.ly/47qJH83","needs-review","pending","링크 목적지와 지점명 추가 확인 필요"
"67a9e4f14c8c7ea4","손수김밥 양지점","yogiyo","https://bit.ly/4c1RCKC","needs-review","pending","링크 목적지와 지점명 추가 확인 필요"
"67a9e4f14c8c7ea4","손수김밥 양지점","coupang_eats","https://bit.ly/3Q5McGO","needs-review","pending","링크 목적지와 지점명 추가 확인 필요"
"67a9e4f14c8c7ea4","손수김밥 양지점","baemin","https://bit.ly/4sEIQZQ","needs-review","pending","링크 목적지와 지점명 추가 확인 필요"
"c59a5a8f5a91ce24","수해복마라탕 여수미평점","ddangyo","https://bit.ly/tk-수해복마라탕여수미평점","exact-safe","pending","고유 Notion 페이지와 링크 상호·지점 또는 공식 목적지 일치"
"c59a5a8f5a91ce24","수해복마라탕 여수미평점","yogiyo","https://bit.ly/yo-수해복마라탕여수미평점","exact-safe","pending","고유 Notion 페이지와 링크 상호·지점 또는 공식 목적지 일치"
"1945b6a42e0da33c","쉐프의 생 안심탕수육 문수점","ddangyo","https://bit.ly/tk-쉐프의생안심탕수육문수점","exact-safe","pending","고유 Notion 페이지와 링크 상호·지점 또는 공식 목적지 일치"
"1945b6a42e0da33c","쉐프의 생 안심탕수육 문수점","yogiyo","https://bit.ly/yo-쉐프의생안심탕수육문수점","exact-safe","pending","고유 Notion 페이지와 링크 상호·지점 또는 공식 목적지 일치"
"d89dce51902e9756","써브웨이 여서점","phone_order","https://bit.ly/tel0616511121","needs-review","pending","링크 목적지와 지점명 추가 확인 필요"
"d89dce51902e9756","써브웨이 여서점","yogiyo","https://bit.ly/yo-써브웨이여서점","exact-safe","pending","고유 Notion 페이지와 링크 상호·지점 또는 공식 목적지 일치"
"8d9e961a6ffd106f","쑝쑝돈까스 여수미평점","naver_map","https://bit.ly/4taxcqc","needs-review","pending","링크 목적지와 지점명 추가 확인 필요"
"8d9e961a6ffd106f","쑝쑝돈까스 여수미평점","direct_order","https://bit.ly/3NQE8J2","needs-review","pending","링크 목적지와 지점명 추가 확인 필요"
"8d9e961a6ffd106f","쑝쑝돈까스 여수미평점","ddangyo","https://bit.ly/3Zc49VF","needs-review","pending","링크 목적지와 지점명 추가 확인 필요"
"8d9e961a6ffd106f","쑝쑝돈까스 여수미평점","phone_order","https://bit.ly/4qjT2Fq","needs-review","pending","링크 목적지와 지점명 추가 확인 필요"
"8d9e961a6ffd106f","쑝쑝돈까스 여수미평점","yogiyo","https://bit.ly/4t6QH2W","needs-review","pending","링크 목적지와 지점명 추가 확인 필요"
"8d9e961a6ffd106f","쑝쑝돈까스 여수미평점","coupang_eats","https://bit.ly/4a7oaBQ","needs-review","pending","링크 목적지와 지점명 추가 확인 필요"
"8d9e961a6ffd106f","쑝쑝돈까스 여수미평점","baemin","https://bit.ly/4kd9jdJ","needs-review","pending","링크 목적지와 지점명 추가 확인 필요"
"4d45e2363f0a18dd","아구회관","ddangyo","https://bit.ly/tk-아구회관","exact-safe","batch-01-restored","고유 Notion 페이지와 링크 상호·지점 또는 공식 목적지 일치"
"4d45e2363f0a18dd","아구회관","yogiyo","https://ws.yogiyo.co.kr/z4wdej","exact-safe","batch-01-restored","고유 Notion 페이지와 링크 상호·지점 또는 공식 목적지 일치"
"4d45e2363f0a18dd","아구회관","coupang_eats","https://bit.ly/cu-아구회관","exact-safe","batch-01-restored","고유 Notion 페이지와 링크 상호·지점 또는 공식 목적지 일치"
"4d45e2363f0a18dd","아구회관","baemin","https://bit.ly/bm-아구회관","exact-safe","batch-01-restored","고유 Notion 페이지와 링크 상호·지점 또는 공식 목적지 일치"
"c56d65926bf2b224","아주커치킨 둔덕점","ddangyo","https://bit.ly/tk-yeosu","needs-review","pending","링크 목적지와 지점명 추가 확인 필요"
"c56d65926bf2b224","아주커치킨 둔덕점","phone_order","https://bit.ly/tel0616520116","needs-review","pending","링크 목적지와 지점명 추가 확인 필요"
"c56d65926bf2b224","아주커치킨 둔덕점","yogiyo","https://ws.yogiyo.co.kr/vmuzp8","exact-safe","pending","고유 Notion 페이지와 링크 상호·지점 또는 공식 목적지 일치"
"c56d65926bf2b224","아주커치킨 둔덕점","coupang_eats","https://bit.ly/cu-yeosu","needs-review","pending","링크 목적지와 지점명 추가 확인 필요"
"c56d65926bf2b224","아주커치킨 둔덕점","baemin","https://bit.ly/bm-yeosu1","needs-review","pending","링크 목적지와 지점명 추가 확인 필요"
"e66f136d0e468b6e","아주커치킨 문수점","ddangyo","https://bit.ly/tk-아주커치킨문수점","exact-safe","pending","고유 Notion 페이지와 링크 상호·지점 또는 공식 목적지 일치"
"e66f136d0e468b6e","아주커치킨 문수점","phone_order","https://bit.ly/tel0616536692","needs-review","pending","링크 목적지와 지점명 추가 확인 필요"
"e66f136d0e468b6e","아주커치킨 문수점","yogiyo","https://bit.ly/yo-아주커치킨문수점","exact-safe","pending","고유 Notion 페이지와 링크 상호·지점 또는 공식 목적지 일치"
"cea43a5971a17628","아주커치킨 미평점","direct_order","https://bit.ly/4s4t6hS","needs-review","pending","링크 목적지와 지점명 추가 확인 필요"
"cea43a5971a17628","아주커치킨 미평점","mukkebi","https://bit.ly/3NTJDHa","needs-review","pending","링크 목적지와 지점명 추가 확인 필요"
"cea43a5971a17628","아주커치킨 미평점","ddangyo","https://bit.ly/3Px5qVQ","needs-review","pending","링크 목적지와 지점명 추가 확인 필요"
"cea43a5971a17628","아주커치킨 미평점","phone_order","https://bit.ly/4sCsyAN","needs-review","pending","링크 목적지와 지점명 추가 확인 필요"
"cea43a5971a17628","아주커치킨 미평점","yogiyo","https://bit.ly/3PBh2Hn","needs-review","pending","링크 목적지와 지점명 추가 확인 필요"
"cea43a5971a17628","아주커치킨 미평점","coupang_eats","https://bit.ly/47xihxm","needs-review","pending","링크 목적지와 지점명 추가 확인 필요"
"cea43a5971a17628","아주커치킨 미평점","baemin","https://bit.ly/4tiQnO6","needs-review","pending","링크 목적지와 지점명 추가 확인 필요"
"c7a234ae0185bdee","아차산매운떡볶이 여수점","direct_order","https://bit.ly/4cexLHU","needs-review","pending","링크 목적지와 지점명 추가 확인 필요"
"c7a234ae0185bdee","아차산매운떡볶이 여수점","mukkebi","https://bit.ly/4sZs9st","needs-review","pending","링크 목적지와 지점명 추가 확인 필요"
"c7a234ae0185bdee","아차산매운떡볶이 여수점","phone_order","https://bit.ly/4cuDIlo","needs-review","pending","링크 목적지와 지점명 추가 확인 필요"
"c7a234ae0185bdee","아차산매운떡볶이 여수점","coupang_eats","https://bit.ly/4t1ckBu","needs-review","pending","링크 목적지와 지점명 추가 확인 필요"
"c7a234ae0185bdee","아차산매운떡볶이 여수점","baemin","https://bit.ly/3NUfNTc","needs-review","pending","링크 목적지와 지점명 추가 확인 필요"
"da8665eac406cc04","앨리스토리커피","ddangyo","https://bit.ly/tk-앨리스토리커피","exact-safe","pending","고유 Notion 페이지와 링크 상호·지점 또는 공식 목적지 일치"
"da8665eac406cc04","앨리스토리커피","phone_order","https://bit.ly/tel0616530377","needs-review","pending","링크 목적지와 지점명 추가 확인 필요"
"170c2c5b7b5a24c1","양지골수육","ddangyo","https://bit.ly/tk-양지골수육","exact-safe","pending","고유 Notion 페이지와 링크 상호·지점 또는 공식 목적지 일치"
"4b2a2803e3a4c80a","양철북곱창 미평점","yogiyo","https://ws.yogiyo.co.kr/0a4rcj","exact-safe","pending","고유 Notion 페이지와 링크 상호·지점 또는 공식 목적지 일치"
"4b2a2803e3a4c80a","양철북곱창 미평점","coupang_eats","https://bit.ly/cu-양철북곱창여수미평점","wrong-branch","pending","URL에 현재 가게와 다른 상호·지점 흔적"
"4b2a2803e3a4c80a","양철북곱창 미평점","baemin","https://bit.ly/bm-양철북곱창여수미평점","wrong-branch","pending","URL에 현재 가게와 다른 상호·지점 흔적"
"a60a8b15c1648b9b","여수 돌산 꽈배기","ddangyo","https://bit.ly/tk-여수돌산꽈배기","exact-safe","pending","고유 Notion 페이지와 링크 상호·지점 또는 공식 목적지 일치"
"a60a8b15c1648b9b","여수 돌산 꽈배기","yogiyo","https://bit.ly/yo-여수돌산꽈배기","exact-safe","pending","고유 Notion 페이지와 링크 상호·지점 또는 공식 목적지 일치"
"5a4fee4e5893eb6c","여수숯불창고","direct_order","https://bit.ly/3P2rd7L","needs-review","pending","링크 목적지와 지점명 추가 확인 필요"
"5a4fee4e5893eb6c","여수숯불창고","mukkebi","https://bit.ly/4u93l1f","needs-review","pending","링크 목적지와 지점명 추가 확인 필요"
"5a4fee4e5893eb6c","여수숯불창고","phone_order","https://bit.ly/4tq9plW","needs-review","pending","링크 목적지와 지점명 추가 확인 필요"
"5a4fee4e5893eb6c","여수숯불창고","baemin","https://bit.ly/4ecIp4R","needs-review","pending","링크 목적지와 지점명 추가 확인 필요"
"b878080708bef825","여수싱싱회&육회 문수본점","ddangyo","https://bit.ly/tk-여수싱싱회육회문수본점","exact-safe","pending","고유 Notion 페이지와 링크 상호·지점 또는 공식 목적지 일치"
"6739ddf6736ef934","여수하늘","ddangyo","https://bit.ly/tk-여수하늘","exact-safe","pending","고유 Notion 페이지와 링크 상호·지점 또는 공식 목적지 일치"
"071664b07428a1d3","여수회포차","phone_order","https://bit.ly/tel050713457828","needs-review","pending","링크 목적지와 지점명 추가 확인 필요"
"071664b07428a1d3","여수회포차","yogiyo","https://bit.ly/yo-여수회포차","exact-safe","pending","고유 Notion 페이지와 링크 상호·지점 또는 공식 목적지 일치"
"115416d8f8939ff3","여정식당 여문점","ddangyo","https://bit.ly/tk-여정식당여문점","exact-safe","pending","고유 Notion 페이지와 링크 상호·지점 또는 공식 목적지 일치"
"115416d8f8939ff3","여정식당 여문점","yogiyo","https://ws.yogiyo.co.kr/rn991l","exact-safe","pending","고유 Notion 페이지와 링크 상호·지점 또는 공식 목적지 일치"
"115416d8f8939ff3","여정식당 여문점","baemin","https://bit.ly/bm-여정식당여문점","exact-safe","pending","고유 Notion 페이지와 링크 상호·지점 또는 공식 목적지 일치"
"4e5bc543b1be9f22","역전할머니맥주 봉산점","direct_order","https://bit.ly/3Zzy8Ha","needs-review","pending","링크 목적지와 지점명 추가 확인 필요"
"4e5bc543b1be9f22","역전할머니맥주 봉산점","mukkebi","https://bit.ly/4kkL5OV","needs-review","pending","링크 목적지와 지점명 추가 확인 필요"
"4e5bc543b1be9f22","역전할머니맥주 봉산점","ddangyo","https://bit.ly/4pWtb5V","needs-review","pending","링크 목적지와 지점명 추가 확인 필요"
"4e5bc543b1be9f22","역전할머니맥주 봉산점","phone_order","https://bit.ly/3NSisMB","needs-review","pending","링크 목적지와 지점명 추가 확인 필요"
"4e5bc543b1be9f22","역전할머니맥주 봉산점","coupang_eats","https://bit.ly/4aeTG1Q","needs-review","pending","링크 목적지와 지점명 추가 확인 필요"
"4e5bc543b1be9f22","역전할머니맥주 봉산점","baemin","https://bit.ly/3Z55c9Q","needs-review","pending","링크 목적지와 지점명 추가 확인 필요"
"a4eec3c764528112","역전할머니맥주 여수미평점","naver_map","https://bit.ly/41to0ki","needs-review","pending","링크 목적지와 지점명 추가 확인 필요"
"a4eec3c764528112","역전할머니맥주 여수미평점","direct_order","https://bit.ly/3Qb5vi3","needs-review","pending","링크 목적지와 지점명 추가 확인 필요"
"a4eec3c764528112","역전할머니맥주 여수미평점","ddangyo","https://bit.ly/4vsN1dh","needs-review","pending","링크 목적지와 지점명 추가 확인 필요"
"a4eec3c764528112","역전할머니맥주 여수미평점","phone_order","https://bit.ly/41lbrHM","needs-review","pending","링크 목적지와 지점명 추가 확인 필요"
"a4eec3c764528112","역전할머니맥주 여수미평점","coupang_eats","https://bit.ly/4t97LFo","needs-review","pending","링크 목적지와 지점명 추가 확인 필요"
"a4eec3c764528112","역전할머니맥주 여수미평점","baemin","https://bit.ly/4mqT2Dc","needs-review","pending","링크 목적지와 지점명 추가 확인 필요"
"9949709e121ff949","연변양꼬치구이 미평점","ddangyo","https://bit.ly/tk-연변양꼬치구이미평점","exact-safe","pending","고유 Notion 페이지와 링크 상호·지점 또는 공식 목적지 일치"
"9949709e121ff949","연변양꼬치구이 미평점","yogiyo","https://bit.ly/yo-연변양꼬치구이미평점","exact-safe","pending","고유 Notion 페이지와 링크 상호·지점 또는 공식 목적지 일치"
"a8218795099e637e","오늘은 오므라이스 여수점","ddangyo","https://bit.ly/tk-오늘은오므라이스여수점","exact-safe","batch-01-restored","고유 Notion 페이지와 링크 상호·지점 또는 공식 목적지 일치"
"a8218795099e637e","오늘은 오므라이스 여수점","yogiyo","https://bit.ly/yo-오늘은오므라이스여수점","exact-safe","batch-01-restored","고유 Notion 페이지와 링크 상호·지점 또는 공식 목적지 일치"
"a8218795099e637e","오늘은 오므라이스 여수점","coupang_eats","https://bit.ly/cu-오늘은오므라이스여수점","exact-safe","batch-01-restored","고유 Notion 페이지와 링크 상호·지점 또는 공식 목적지 일치"
"a8218795099e637e","오늘은 오므라이스 여수점","baemin","https://bit.ly/bm-오늘은오므라이스여수점","exact-safe","batch-01-restored","고유 Notion 페이지와 링크 상호·지점 또는 공식 목적지 일치"
"48033be58064b50c","오븐에꾸운닭 여문점","ddangyo","https://bit.ly/tk-오븐에꾸운닭여문점","exact-safe","pending","고유 Notion 페이지와 링크 상호·지점 또는 공식 목적지 일치"
"48033be58064b50c","오븐에꾸운닭 여문점","yogiyo","https://bit.ly/yo-오븐에꾸운닭여문점","exact-safe","pending","고유 Notion 페이지와 링크 상호·지점 또는 공식 목적지 일치"
"b05ef0b1b1774d35","올떡볶이 여수봉계점","ddangyo","https://bit.ly/tk-올떡볶이여수봉계점","exact-safe","pending","고유 Notion 페이지와 링크 상호·지점 또는 공식 목적지 일치"
"b05ef0b1b1774d35","올떡볶이 여수봉계점","yogiyo","https://bit.ly/yo-올떡볶이여수봉계점","exact-safe","pending","고유 Notion 페이지와 링크 상호·지점 또는 공식 목적지 일치"
"a089d1d54720b48e","외계인피자 여수점","ddangyo","https://bit.ly/tk-외계인피자여수점","exact-safe","batch-01-restored","고유 Notion 페이지와 링크 상호·지점 또는 공식 목적지 일치"
"a089d1d54720b48e","외계인피자 여수점","phone_order","https://bit.ly/tel050713852676","needs-review","pending","링크 목적지와 지점명 추가 확인 필요"
"a089d1d54720b48e","외계인피자 여수점","yogiyo","https://bit.ly/yo-외계인피자여수점","exact-safe","batch-01-restored","고유 Notion 페이지와 링크 상호·지점 또는 공식 목적지 일치"
"a089d1d54720b48e","외계인피자 여수점","coupang_eats","https://bit.ly/cu-외계인피자여수점","exact-safe","batch-01-restored","고유 Notion 페이지와 링크 상호·지점 또는 공식 목적지 일치"
"a089d1d54720b48e","외계인피자 여수점","baemin","https://bit.ly/bm-외계인피자여수점","exact-safe","batch-01-restored","고유 Notion 페이지와 링크 상호·지점 또는 공식 목적지 일치"
"3bfcc2140b2e0e0c","요거트월드 여서점","ddangyo","https://bit.ly/tk-요거트월드여서점","exact-safe","batch-01-restored","고유 Notion 페이지와 링크 상호·지점 또는 공식 목적지 일치"
"3bfcc2140b2e0e0c","요거트월드 여서점","phone_order","https://bit.ly/tel07086572539","needs-review","pending","링크 목적지와 지점명 추가 확인 필요"
"3bfcc2140b2e0e0c","요거트월드 여서점","yogiyo","https://ws.yogiyo.co.kr/wf0lwd","exact-safe","batch-01-restored","고유 Notion 페이지와 링크 상호·지점 또는 공식 목적지 일치"
"3bfcc2140b2e0e0c","요거트월드 여서점","coupang_eats","https://bit.ly/cu-요거트월드여서점","exact-safe","batch-01-restored","고유 Notion 페이지와 링크 상호·지점 또는 공식 목적지 일치"
"3bfcc2140b2e0e0c","요거트월드 여서점","baemin","https://bit.ly/bm-요거트월드여서점","exact-safe","batch-01-restored","고유 Notion 페이지와 링크 상호·지점 또는 공식 목적지 일치"
"b016e6c2fc4217ea","요아정 여수여서점","ddangyo","https://bit.ly/tk-요아정여수여서점","exact-safe","pending","고유 Notion 페이지와 링크 상호·지점 또는 공식 목적지 일치"
"b016e6c2fc4217ea","요아정 여수여서점","phone_order","https://bit.ly/tel07086570733","needs-review","pending","링크 목적지와 지점명 추가 확인 필요"
"b016e6c2fc4217ea","요아정 여수여서점","yogiyo","https://bit.ly/yo-요아정여수여서점","exact-safe","pending","고유 Notion 페이지와 링크 상호·지점 또는 공식 목적지 일치"
"c2aa469b555fbbf7","요이참치 여수점","naver_map","https://bit.ly/4bFAQlZ","needs-review","pending","링크 목적지와 지점명 추가 확인 필요"
"c2aa469b555fbbf7","요이참치 여수점","direct_order","https://bit.ly/4t0yYKu","needs-review","pending","링크 목적지와 지점명 추가 확인 필요"
"c2aa469b555fbbf7","요이참치 여수점","mukkebi","https://bit.ly/4qRuG72","needs-review","pending","링크 목적지와 지점명 추가 확인 필요"
"c2aa469b555fbbf7","요이참치 여수점","ddangyo","https://bit.ly/4k0usaN","needs-review","pending","링크 목적지와 지점명 추가 확인 필요"
"c2aa469b555fbbf7","요이참치 여수점","phone_order","https://bit.ly/4bgTeBk","needs-review","pending","링크 목적지와 지점명 추가 확인 필요"
"c2aa469b555fbbf7","요이참치 여수점","yogiyo","https://bit.ly/49TSqQw","needs-review","pending","링크 목적지와 지점명 추가 확인 필요"
"c2aa469b555fbbf7","요이참치 여수점","coupang_eats","https://bit.ly/49TTQKQ","needs-review","pending","링크 목적지와 지점명 추가 확인 필요"
"c2aa469b555fbbf7","요이참치 여수점","baemin","https://bit.ly/3O6EXNQ","needs-review","pending","링크 목적지와 지점명 추가 확인 필요"
"b1995040582014bf","용우동 여서점","direct_order","https://bit.ly/4nFzJ9N","needs-review","pending","링크 목적지와 지점명 추가 확인 필요"
"b1995040582014bf","용우동 여서점","mukkebi","https://bit.ly/4djPgbK","needs-review","pending","링크 목적지와 지점명 추가 확인 필요"
"b1995040582014bf","용우동 여서점","ddangyo","https://bit.ly/3PPFEfQ","needs-review","pending","링크 목적지와 지점명 추가 확인 필요"
"b1995040582014bf","용우동 여서점","phone_order","https://bit.ly/4un4cf3","needs-review","pending","링크 목적지와 지점명 추가 확인 필요"
"b1995040582014bf","용우동 여서점","yogiyo","https://bit.ly/4fwBq7c","needs-review","pending","링크 목적지와 지점명 추가 확인 필요"
"b1995040582014bf","용우동 여서점","coupang_eats","https://bit.ly/4urTrZ8","needs-review","pending","링크 목적지와 지점명 추가 확인 필요"
"b1995040582014bf","용우동 여서점","baemin","https://bit.ly/4dmKOcf","needs-review","pending","링크 목적지와 지점명 추가 확인 필요"
"8f4cfdc693976989","우정통닭","ddangyo","https://bit.ly/tk-우정통닭","exact-safe","pending","고유 Notion 페이지와 링크 상호·지점 또는 공식 목적지 일치"
"a4aaeb8049d4e9f9","우쿠야 여수여서점","ddangyo","https://bit.ly/tk-우쿠야여수여서점","exact-safe","batch-01-restored","고유 Notion 페이지와 링크 상호·지점 또는 공식 목적지 일치"
"a4aaeb8049d4e9f9","우쿠야 여수여서점","yogiyo","https://bit.ly/yo-우쿠야여수여서점","exact-safe","batch-01-restored","고유 Notion 페이지와 링크 상호·지점 또는 공식 목적지 일치"
"a4aaeb8049d4e9f9","우쿠야 여수여서점","coupang_eats","https://bit.ly/cu-우쿠야여수여서점","exact-safe","batch-01-restored","고유 Notion 페이지와 링크 상호·지점 또는 공식 목적지 일치"
"a4aaeb8049d4e9f9","우쿠야 여수여서점","baemin","https://bit.ly/bm-우쿠야여수여서점","exact-safe","batch-01-restored","고유 Notion 페이지와 링크 상호·지점 또는 공식 목적지 일치"
"b6d8f721f526761f","원할머니보쌈족발 여수여서점","ddangyo","https://bit.ly/tk-원할머니보쌈족발여수여서점","exact-safe","pending","고유 Notion 페이지와 링크 상호·지점 또는 공식 목적지 일치"
"b6d8f721f526761f","원할머니보쌈족발 여수여서점","phone_order","https://bit.ly/tel0616545354","needs-review","pending","링크 목적지와 지점명 추가 확인 필요"
"b6d8f721f526761f","원할머니보쌈족발 여수여서점","yogiyo","https://bit.ly/yo-원할머니보쌈족발여수여서점","exact-safe","pending","고유 Notion 페이지와 링크 상호·지점 또는 공식 목적지 일치"
"49470f61773e41e2","유림식당","yogiyo","https://bit.ly/yo-유림식당","exact-safe","pending","고유 Notion 페이지와 링크 상호·지점 또는 공식 목적지 일치"
"2fb0f76b3d55052b","윤가네 선어","ddangyo","https://bit.ly/tk-윤가네선어","exact-safe","pending","고유 Notion 페이지와 링크 상호·지점 또는 공식 목적지 일치"
"2fb0f76b3d55052b","윤가네 선어","yogiyo","https://bit.ly/yo-윤가네선어","exact-safe","pending","고유 Notion 페이지와 링크 상호·지점 또는 공식 목적지 일치"
"52aac4b5adef4d89","을찌로국물떡볶이 국동점","ddangyo","https://bit.ly/tk-을찌로국물떡볶이국동점","exact-safe","pending","고유 Notion 페이지와 링크 상호·지점 또는 공식 목적지 일치"
"52aac4b5adef4d89","을찌로국물떡볶이 국동점","phone_order","https://bit.ly/tel0616449255","needs-review","pending","링크 목적지와 지점명 추가 확인 필요"
"52aac4b5adef4d89","을찌로국물떡볶이 국동점","yogiyo","https://bit.ly/yo-을찌로국물떡볶이국동점","exact-safe","pending","고유 Notion 페이지와 링크 상호·지점 또는 공식 목적지 일치"
"c26995210f249627","응큼떡볶이 여수점","ddangyo","https://bit.ly/tk-응큼떡뽁이여수점","wrong-branch","pending","URL에 현재 가게와 다른 상호·지점 흔적"
"c26995210f249627","응큼떡볶이 여수점","yogiyo","https://bit.ly/yo-응큼떡뽁이여수점","wrong-branch","pending","URL에 현재 가게와 다른 상호·지점 흔적"
"e412d7dea107cc59","이디야커피 국동점","ddangyo","https://bit.ly/tk-이디야거피국동점","wrong-branch","pending","URL에 현재 가게와 다른 상호·지점 흔적"
"e412d7dea107cc59","이디야커피 국동점","phone_order","https://bit.ly/tel0616423653","needs-review","pending","링크 목적지와 지점명 추가 확인 필요"
"e412d7dea107cc59","이디야커피 국동점","yogiyo","https://bit.ly/yo-이디야국동점","wrong-branch","pending","URL에 현재 가게와 다른 상호·지점 흔적"
"4ec7dd8e93675267","이모야분식","direct_order","https://bit.ly/4mcr51K","needs-review","pending","링크 목적지와 지점명 추가 확인 필요"
"4ec7dd8e93675267","이모야분식","mukkebi","https://bit.ly/4c6Nhpn","needs-review","pending","링크 목적지와 지점명 추가 확인 필요"
"4ec7dd8e93675267","이모야분식","ddangyo","https://bit.ly/4mcrgKs","needs-review","pending","링크 목적지와 지점명 추가 확인 필요"
"4ec7dd8e93675267","이모야분식","phone_order","https://bit.ly/4txKQ6o","needs-review","pending","링크 목적지와 지점명 추가 확인 필요"
"4ec7dd8e93675267","이모야분식","yogiyo","https://bit.ly/4mdFnzc","needs-review","pending","링크 목적지와 지점명 추가 확인 필요"
"4ec7dd8e93675267","이모야분식","baemin","https://bit.ly/4e1LF2C","needs-review","pending","링크 목적지와 지점명 추가 확인 필요"
"11442d3b3328f951","인생아구찜 여수문수점","ddangyo","https://bit.ly/tk-인생아구찜여수문수점","exact-safe","batch-01-restored","고유 Notion 페이지와 링크 상호·지점 또는 공식 목적지 일치"
"11442d3b3328f951","인생아구찜 여수문수점","phone_order","https://bit.ly/tel0616523601","needs-review","pending","링크 목적지와 지점명 추가 확인 필요"
"11442d3b3328f951","인생아구찜 여수문수점","yogiyo","https://bit.ly/yo-인생아구찜여수문수점","exact-safe","batch-01-restored","고유 Notion 페이지와 링크 상호·지점 또는 공식 목적지 일치"
"11442d3b3328f951","인생아구찜 여수문수점","coupang_eats","https://bit.ly/cu-인생아구찜여수문수점","exact-safe","batch-01-restored","고유 Notion 페이지와 링크 상호·지점 또는 공식 목적지 일치"
"11442d3b3328f951","인생아구찜 여수문수점","baemin","https://bit.ly/bm-인생아구찜여수문수점","exact-safe","batch-01-restored","고유 Notion 페이지와 링크 상호·지점 또는 공식 목적지 일치"
"75b59b6f39651fc8","자담치킨 여수미평점","ddangyo","https://bit.ly/tk-자담치킨여수미평점","exact-safe","batch-01-restored","고유 Notion 페이지와 링크 상호·지점 또는 공식 목적지 일치"
"75b59b6f39651fc8","자담치킨 여수미평점","yogiyo","https://bit.ly/yo-자담치킨여수미평점","exact-safe","batch-01-restored","고유 Notion 페이지와 링크 상호·지점 또는 공식 목적지 일치"
"75b59b6f39651fc8","자담치킨 여수미평점","coupang_eats","https://bit.ly/cu-자담치킨여수미평점","exact-safe","batch-01-restored","고유 Notion 페이지와 링크 상호·지점 또는 공식 목적지 일치"
"75b59b6f39651fc8","자담치킨 여수미평점","baemin","https://bit.ly/bm-자담치킨여수미평점","exact-safe","batch-01-restored","고유 Notion 페이지와 링크 상호·지점 또는 공식 목적지 일치"
"b929bcd743be8b12","장충동왕족발 여수점","ddangyo","https://bit.ly/tk-장충동왕족발여수점","exact-safe","pending","고유 Notion 페이지와 링크 상호·지점 또는 공식 목적지 일치"
"b929bcd743be8b12","장충동왕족발 여수점","yogiyo","https://bit.ly/yo-장충동왕족발여수점","exact-safe","pending","고유 Notion 페이지와 링크 상호·지점 또는 공식 목적지 일치"
"d5a91ccf9edca566","장충동B&F족발보쌈 여수점","ddangyo","https://bit.ly/tk-장충동BNF족발보쌈여수점","wrong-branch","pending","URL에 현재 가게와 다른 상호·지점 흔적"
"d5a91ccf9edca566","장충동B&F족발보쌈 여수점","phone_order","https://bit.ly/tel0616627878","needs-review","pending","링크 목적지와 지점명 추가 확인 필요"
"d5a91ccf9edca566","장충동B&F족발보쌈 여수점","yogiyo","https://bit.ly/yo-장충동BNF족발보쌈여수점","wrong-branch","pending","URL에 현재 가게와 다른 상호·지점 흔적"
"78366e913c324782","정남옥 여수점","naver_map","https://bit.ly/3Za6e4s","needs-review","pending","링크 목적지와 지점명 추가 확인 필요"
"78366e913c324782","정남옥 여수점","direct_order","https://bit.ly/4kkodij","needs-review","pending","링크 목적지와 지점명 추가 확인 필요"
"78366e913c324782","정남옥 여수점","mukkebi","https://bit.ly/4e7EAO7","needs-review","pending","링크 목적지와 지점명 추가 확인 필요"
"78366e913c324782","정남옥 여수점","phone_order","https://bit.ly/4q3vAvH","needs-review","pending","링크 목적지와 지점명 추가 확인 필요"
"78366e913c324782","정남옥 여수점","coupang_eats","https://bit.ly/45CMQAL","needs-review","pending","링크 목적지와 지점명 추가 확인 필요"
"78366e913c324782","정남옥 여수점","baemin","https://bit.ly/49YKuNY","needs-review","pending","링크 목적지와 지점명 추가 확인 필요"
"7c9ca9471d15acc4","제육대가 여수미평점","naver_map","https://bit.ly/4qSa26s","needs-review","pending","링크 목적지와 지점명 추가 확인 필요"
"7c9ca9471d15acc4","제육대가 여수미평점","direct_order","https://bit.ly/3MeqRJQ","needs-review","pending","링크 목적지와 지점명 추가 확인 필요"
"7c9ca9471d15acc4","제육대가 여수미평점","ddangyo","https://bit.ly/4tcIcDu","needs-review","pending","링크 목적지와 지점명 추가 확인 필요"
"7c9ca9471d15acc4","제육대가 여수미평점","phone_order","https://bit.ly/4aqs4XC","needs-review","pending","링크 목적지와 지점명 추가 확인 필요"
"7c9ca9471d15acc4","제육대가 여수미평점","yogiyo","https://bit.ly/3O0aml4","needs-review","pending","링크 목적지와 지점명 추가 확인 필요"
"7c9ca9471d15acc4","제육대가 여수미평점","coupang_eats","https://bit.ly/4qOb0k9","needs-review","pending","링크 목적지와 지점명 추가 확인 필요"
"7c9ca9471d15acc4","제육대가 여수미평점","baemin","https://bit.ly/4rqJFoi","needs-review","pending","링크 목적지와 지점명 추가 확인 필요"
"f617bdb93ac0246f","제육에 진심을 담아","direct_order","https://bit.ly/3OxedXC","needs-review","pending","링크 목적지와 지점명 추가 확인 필요"
"f617bdb93ac0246f","제육에 진심을 담아","mukkebi","https://bit.ly/4cV0O4O","needs-review","pending","링크 목적지와 지점명 추가 확인 필요"
"f617bdb93ac0246f","제육에 진심을 담아","ddangyo","https://bit.ly/42jdE6O","needs-review","pending","링크 목적지와 지점명 추가 확인 필요"
"f617bdb93ac0246f","제육에 진심을 담아","phone_order","https://bit.ly/4sQcmLJ","needs-review","pending","링크 목적지와 지점명 추가 확인 필요"
"f617bdb93ac0246f","제육에 진심을 담아","yogiyo","https://bit.ly/4u0kKJt","needs-review","pending","링크 목적지와 지점명 추가 확인 필요"
"f617bdb93ac0246f","제육에 진심을 담아","coupang_eats","https://bit.ly/41HiKK3","needs-review","pending","링크 목적지와 지점명 추가 확인 필요"
"f617bdb93ac0246f","제육에 진심을 담아","baemin","https://bit.ly/4mHw3nd","needs-review","pending","링크 목적지와 지점명 추가 확인 필요"
"0bf8b6178a1596ca","조선다방 봉계점","direct_order","https://bit.ly/4sZlWN2","needs-review","pending","링크 목적지와 지점명 추가 확인 필요"
"0bf8b6178a1596ca","조선다방 봉계점","mukkebi","https://bit.ly/4sX6qBl","needs-review","pending","링크 목적지와 지점명 추가 확인 필요"
"0bf8b6178a1596ca","조선다방 봉계점","phone_order","https://bit.ly/4srDm40","needs-review","pending","링크 목적지와 지점명 추가 확인 필요"
"0bf8b6178a1596ca","조선다방 봉계점","yogiyo","https://bit.ly/3Ongg0b","needs-review","pending","링크 목적지와 지점명 추가 확인 필요"
"0bf8b6178a1596ca","조선다방 봉계점","coupang_eats","https://bit.ly/4mfGIWa","needs-review","pending","링크 목적지와 지점명 추가 확인 필요"
"0bf8b6178a1596ca","조선다방 봉계점","baemin","https://bit.ly/4m9Fn2W","needs-review","pending","링크 목적지와 지점명 추가 확인 필요"
"76235bf473121cbe","족발자리","ddangyo","https://bit.ly/tk-족발자리","exact-safe","pending","고유 Notion 페이지와 링크 상호·지점 또는 공식 목적지 일치"
"eb1005c7067bc9d4","족팔계왕족발","yogiyo","https://ws.yogiyo.co.kr/oyevu7","exact-safe","pending","고유 Notion 페이지와 링크 상호·지점 또는 공식 목적지 일치"
"eb1005c7067bc9d4","족팔계왕족발","coupang_eats","https://bit.ly/cu-족팔계왕족발","exact-safe","pending","고유 Notion 페이지와 링크 상호·지점 또는 공식 목적지 일치"
"eb1005c7067bc9d4","족팔계왕족발","baemin","https://bit.ly/bm-족팔계왕족발","exact-safe","pending","고유 Notion 페이지와 링크 상호·지점 또는 공식 목적지 일치"
"7a01cce02afa8141","주가네김치찌개&찜 여수여서점","yogiyo","https://bit.ly/yo-주가네김치찌개찜여수여서점","exact-safe","pending","고유 Notion 페이지와 링크 상호·지점 또는 공식 목적지 일치"
"295dc97b6abaf2e2","중국관","ddangyo","https://bit.ly/tk-중국관","needs-review","pending","링크 목적지와 지점명 추가 확인 필요"
"295dc97b6abaf2e2","중국관","yogiyo","https://bit.ly/yo-중국관","needs-review","pending","링크 목적지와 지점명 추가 확인 필요"
"fa5bca3967c25462","지코바치킨 미평점","naver_map","https://bit.ly/4a5QbcQ","needs-review","pending","링크 목적지와 지점명 추가 확인 필요"
"fa5bca3967c25462","지코바치킨 미평점","direct_order","https://bit.ly/3M3qNfN","needs-review","pending","링크 목적지와 지점명 추가 확인 필요"
"fa5bca3967c25462","지코바치킨 미평점","ddangyo","https://bit.ly/4rl1LIb","needs-review","pending","링크 목적지와 지점명 추가 확인 필요"
"fa5bca3967c25462","지코바치킨 미평점","phone_order","https://bit.ly/3Z4L5sv","needs-review","pending","링크 목적지와 지점명 추가 확인 필요"
"fa5bca3967c25462","지코바치킨 미평점","yogiyo","https://bit.ly/4q3Skfj","needs-review","pending","링크 목적지와 지점명 추가 확인 필요"
"fa5bca3967c25462","지코바치킨 미평점","coupang_eats","https://bit.ly/3M51z0B","needs-review","pending","링크 목적지와 지점명 추가 확인 필요"
"fa5bca3967c25462","지코바치킨 미평점","baemin","https://bit.ly/4q3uZdp","needs-review","pending","링크 목적지와 지점명 추가 확인 필요"
"7f48f499a367b2b8","직화구이 바싹 족발닭발보쌈","naver_map","https://bit.ly/4tgmpKC","needs-review","pending","링크 목적지와 지점명 추가 확인 필요"
"7f48f499a367b2b8","직화구이 바싹 족발닭발보쌈","direct_order","https://bit.ly/413otcN","needs-review","pending","링크 목적지와 지점명 추가 확인 필요"
"7f48f499a367b2b8","직화구이 바싹 족발닭발보쌈","mukkebi","https://bit.ly/4db9FjA","needs-review","pending","링크 목적지와 지점명 추가 확인 필요"
"7f48f499a367b2b8","직화구이 바싹 족발닭발보쌈","ddangyo","https://bit.ly/4lUX1Y6","needs-review","pending","링크 목적지와 지점명 추가 확인 필요"
"7f48f499a367b2b8","직화구이 바싹 족발닭발보쌈","phone_order","https://bit.ly/4dgZj1I","needs-review","pending","링크 목적지와 지점명 추가 확인 필요"
"7f48f499a367b2b8","직화구이 바싹 족발닭발보쌈","yogiyo","https://bit.ly/4syxsyG","needs-review","pending","링크 목적지와 지점명 추가 확인 필요"
"7f48f499a367b2b8","직화구이 바싹 족발닭발보쌈","coupang_eats","https://bit.ly/3PCoHVL","needs-review","pending","링크 목적지와 지점명 추가 확인 필요"
"7f48f499a367b2b8","직화구이 바싹 족발닭발보쌈","baemin","https://bit.ly/4bSWnWK","needs-review","pending","링크 목적지와 지점명 추가 확인 필요"
"7919e0b7f8d5b436","쫑포피자 문수점","ddangyo","https://bit.ly/tk-쫑포피자문수점","exact-safe","pending","고유 Notion 페이지와 링크 상호·지점 또는 공식 목적지 일치"
"7919e0b7f8d5b436","쫑포피자 문수점","phone_order","https://bit.ly/tel0616663243","needs-review","pending","링크 목적지와 지점명 추가 확인 필요"
"7919e0b7f8d5b436","쫑포피자 문수점","yogiyo","https://bit.ly/yo-쫑포피자문수점","exact-safe","pending","고유 Notion 페이지와 링크 상호·지점 또는 공식 목적지 일치"
"01f219eac1bdc294","찜콩 갈비찜 전문","naver_map","https://bit.ly/4a4zEWu","needs-review","pending","링크 목적지와 지점명 추가 확인 필요"
"01f219eac1bdc294","찜콩 갈비찜 전문","direct_order","https://bit.ly/3LXtekg","needs-review","pending","링크 목적지와 지점명 추가 확인 필요"
"01f219eac1bdc294","찜콩 갈비찜 전문","ddangyo","https://bit.ly/3LXtlMI","needs-review","pending","링크 목적지와 지점명 추가 확인 필요"
"01f219eac1bdc294","찜콩 갈비찜 전문","phone_order","https://bit.ly/49ZSM8g","needs-review","pending","링크 목적지와 지점명 추가 확인 필요"
"01f219eac1bdc294","찜콩 갈비찜 전문","yogiyo","https://bit.ly/45H6BHr","needs-review","pending","링크 목적지와 지점명 추가 확인 필요"
"01f219eac1bdc294","찜콩 갈비찜 전문","coupang_eats","https://bit.ly/3LX23pI","needs-review","pending","링크 목적지와 지점명 추가 확인 필요"
"01f219eac1bdc294","찜콩 갈비찜 전문","baemin","https://bit.ly/4qcD7IB","needs-review","pending","링크 목적지와 지점명 추가 확인 필요"
"c6568ee1688504c7","착한쭝식 여서점(먹깨비,땡겨요로 주문시 군만두 서비스!!)","naver_map","https://bit.ly/4dcOj5p","needs-review","pending","링크 목적지와 지점명 추가 확인 필요"
"c6568ee1688504c7","착한쭝식 여서점(먹깨비,땡겨요로 주문시 군만두 서비스!!)","direct_order","https://bit.ly/4sEOaMO","needs-review","pending","링크 목적지와 지점명 추가 확인 필요"
"c6568ee1688504c7","착한쭝식 여서점(먹깨비,땡겨요로 주문시 군만두 서비스!!)","mukkebi","https://bit.ly/4c9pgPD","needs-review","pending","링크 목적지와 지점명 추가 확인 필요"
"c6568ee1688504c7","착한쭝식 여서점(먹깨비,땡겨요로 주문시 군만두 서비스!!)","ddangyo","https://bit.ly/41zFxXX","needs-review","pending","링크 목적지와 지점명 추가 확인 필요"
"c6568ee1688504c7","착한쭝식 여서점(먹깨비,땡겨요로 주문시 군만두 서비스!!)","phone_order","https://bit.ly/41BszJg","needs-review","pending","링크 목적지와 지점명 추가 확인 필요"
"c6568ee1688504c7","착한쭝식 여서점(먹깨비,땡겨요로 주문시 군만두 서비스!!)","yogiyo","https://bit.ly/4bOA7Ny","needs-review","pending","링크 목적지와 지점명 추가 확인 필요"
"c6568ee1688504c7","착한쭝식 여서점(먹깨비,땡겨요로 주문시 군만두 서비스!!)","coupang_eats","https://bit.ly/48i7cjV","needs-review","pending","링크 목적지와 지점명 추가 확인 필요"
"c6568ee1688504c7","착한쭝식 여서점(먹깨비,땡겨요로 주문시 군만두 서비스!!)","baemin","https://bit.ly/4taDsO0","needs-review","pending","링크 목적지와 지점명 추가 확인 필요"
"340a17ea324662dc","천화마라탕","yogiyo","https://bit.ly/yo-천화마라탕","exact-safe","pending","고유 Notion 페이지와 링크 상호·지점 또는 공식 목적지 일치"
"340a17ea324662dc","천화마라탕","coupang_eats","https://bit.ly/cu-천화마라탕","exact-safe","pending","고유 Notion 페이지와 링크 상호·지점 또는 공식 목적지 일치"
"340a17ea324662dc","천화마라탕","baemin","https://bit.ly/bm-천화마라탕","exact-safe","pending","고유 Notion 페이지와 링크 상호·지점 또는 공식 목적지 일치"
"e456f248cbe542a3","청년다방 여서점","naver_map","https://bit.ly/45Cjcvp","needs-review","pending","링크 목적지와 지점명 추가 확인 필요"
"e456f248cbe542a3","청년다방 여서점","direct_order","https://bit.ly/3NHRreU","needs-review","pending","링크 목적지와 지점명 추가 확인 필요"
"e456f248cbe542a3","청년다방 여서점","mukkebi","https://bit.ly/3Z84b0L","needs-review","pending","링크 목적지와 지점명 추가 확인 필요"
"e456f248cbe542a3","청년다방 여서점","ddangyo","https://bit.ly/3Z57KF2","needs-review","pending","링크 목적지와 지점명 추가 확인 필요"
"e456f248cbe542a3","청년다방 여서점","phone_order","https://bit.ly/49VlcBH","needs-review","pending","링크 목적지와 지점명 추가 확인 필요"
"e456f248cbe542a3","청년다방 여서점","yogiyo","https://bit.ly/4resW7j","needs-review","pending","링크 목적지와 지점명 추가 확인 필요"
"e456f248cbe542a3","청년다방 여서점","coupang_eats","https://bit.ly/4q8V8HL","needs-review","pending","링크 목적지와 지점명 추가 확인 필요"
"e456f248cbe542a3","청년다방 여서점","baemin","https://bit.ly/3NIpOSU","needs-review","pending","링크 목적지와 지점명 추가 확인 필요"
"3d512878922a19db","초이커피","ddangyo","https://bit.ly/tk-초이커피","exact-safe","pending","고유 Notion 페이지와 링크 상호·지점 또는 공식 목적지 일치"
"3d512878922a19db","초이커피","yogiyo","https://bit.ly/yo-초이커피","exact-safe","pending","고유 Notion 페이지와 링크 상호·지점 또는 공식 목적지 일치"
"884076b36adf9697","촌닭두마리치킨 오림점","ddangyo","https://bit.ly/tk-촌닭두마리치킨오림점","exact-safe","pending","고유 Notion 페이지와 링크 상호·지점 또는 공식 목적지 일치"
"884076b36adf9697","촌닭두마리치킨 오림점","yogiyo","https://bit.ly/yo-촌닭두마리치킨오림점","exact-safe","pending","고유 Notion 페이지와 링크 상호·지점 또는 공식 목적지 일치"
"dddc8ea5032e3c62","카페 브라운","naver_map","https://bit.ly/4rmlKpO","needs-review","pending","링크 목적지와 지점명 추가 확인 필요"
"dddc8ea5032e3c62","카페 브라운","direct_order","https://bit.ly/4a9N7N2","needs-review","pending","링크 목적지와 지점명 추가 확인 필요"
"dddc8ea5032e3c62","카페 브라운","ddangyo","https://bit.ly/4aa8Y71","needs-review","pending","링크 목적지와 지점명 추가 확인 필요"
"dddc8ea5032e3c62","카페 브라운","yogiyo","https://bit.ly/3ZEpRBN","needs-review","pending","링크 목적지와 지점명 추가 확인 필요"
"dddc8ea5032e3c62","카페 브라운","coupang_eats","https://bit.ly/45CVX4p","needs-review","pending","링크 목적지와 지점명 추가 확인 필요"
"dddc8ea5032e3c62","카페 브라운","baemin","https://bit.ly/4rrckJW","needs-review","pending","링크 목적지와 지점명 추가 확인 필요"
"fa0bccb2d190a7c0","카페인","naver_map","https://bit.ly/4pVYSwt","needs-review","pending","링크 목적지와 지점명 추가 확인 필요"
"fa0bccb2d190a7c0","카페인","direct_order","https://bit.ly/3YY83l1","needs-review","pending","링크 목적지와 지점명 추가 확인 필요"
"fa0bccb2d190a7c0","카페인","ddangyo","https://bit.ly/4r9LRjF","needs-review","pending","링크 목적지와 지점명 추가 확인 필요"
"fa0bccb2d190a7c0","카페인","phone_order","https://bit.ly/45yJfUl","needs-review","pending","링크 목적지와 지점명 추가 확인 필요"
"fa0bccb2d190a7c0","카페인","yogiyo","https://bit.ly/3ZxYTvz","needs-review","pending","링크 목적지와 지점명 추가 확인 필요"
"fa0bccb2d190a7c0","카페인","coupang_eats","https://bit.ly/3LDmuIa","needs-review","pending","링크 목적지와 지점명 추가 확인 필요"
"fa0bccb2d190a7c0","카페인","baemin","https://bit.ly/49YKuNY","needs-review","pending","링크 목적지와 지점명 추가 확인 필요"
"9af017d533d36ab4","커피샵붕어빵","phone_order","https://bit.ly/tel01093283013","needs-review","pending","링크 목적지와 지점명 추가 확인 필요"
"9af017d533d36ab4","커피샵붕어빵","yogiyo","https://bit.ly/yo-커피샵","wrong-branch","pending","URL에 현재 가게와 다른 상호·지점 흔적"
"478795eb80081c91","커피어클락","ddangyo","https://bit.ly/tk-커피어클락","exact-safe","pending","고유 Notion 페이지와 링크 상호·지점 또는 공식 목적지 일치"
"478795eb80081c91","커피어클락","yogiyo","https://bit.ly/yo-커피어클락","exact-safe","pending","고유 Notion 페이지와 링크 상호·지점 또는 공식 목적지 일치"
"9a494eae325155d9","컬투치킨 여수점","naver_map","https://bit.ly/4kaUzMt","needs-review","pending","링크 목적지와 지점명 추가 확인 필요"
"9a494eae325155d9","컬투치킨 여수점","direct_order","https://bit.ly/4aowQVD","needs-review","pending","링크 목적지와 지점명 추가 확인 필요"
"9a494eae325155d9","컬투치킨 여수점","mukkebi","https://bit.ly/4e7EAO7","needs-review","pending","링크 목적지와 지점명 추가 확인 필요"
"9a494eae325155d9","컬투치킨 여수점","phone_order","https://bit.ly/4qcGEXI","needs-review","pending","링크 목적지와 지점명 추가 확인 필요"
"9a494eae325155d9","컬투치킨 여수점","yogiyo","https://bit.ly/4bqgcWN","needs-review","pending","링크 목적지와 지점명 추가 확인 필요"
"9a494eae325155d9","컬투치킨 여수점","coupang_eats","https://bit.ly/45F8ft0","needs-review","pending","링크 목적지와 지점명 추가 확인 필요"
"9a494eae325155d9","컬투치킨 여수점","baemin","https://bit.ly/3Z9Jce8","needs-review","pending","링크 목적지와 지점명 추가 확인 필요"
"2cddfb9ee60f0d7b","컴포즈커피 여수문수광장점","ddangyo","https://bit.ly/tk-컴포즈커피여수문수광장점","exact-safe","batch-01-restored","고유 Notion 페이지와 링크 상호·지점 또는 공식 목적지 일치"
"2cddfb9ee60f0d7b","컴포즈커피 여수문수광장점","yogiyo","https://ws.yogiyo.co.kr/5ae6mxe","exact-safe","batch-01-restored","고유 Notion 페이지와 링크 상호·지점 또는 공식 목적지 일치"
"2cddfb9ee60f0d7b","컴포즈커피 여수문수광장점","coupang_eats","https://bit.ly/cu-컴포즈커피여수문수광장점","exact-safe","batch-01-restored","고유 Notion 페이지와 링크 상호·지점 또는 공식 목적지 일치"
"2cddfb9ee60f0d7b","컴포즈커피 여수문수광장점","baemin","https://bit.ly/bm-컴포즈커피여수문수광장점","exact-safe","batch-01-restored","고유 Notion 페이지와 링크 상호·지점 또는 공식 목적지 일치"
"68360b2d1b0e6457","컴포즈커피 여수여서점","ddangyo","https://bit.ly/tk-컴포즈커피여수여서점","exact-safe","pending","고유 Notion 페이지와 링크 상호·지점 또는 공식 목적지 일치"
"68360b2d1b0e6457","컴포즈커피 여수여서점","yogiyo","https://bit.ly/yo-컴포즈커피여수여서점","exact-safe","pending","고유 Notion 페이지와 링크 상호·지점 또는 공식 목적지 일치"
"5b408dab11c7b1dd","케이키팩토리","ddangyo","https://bit.ly/tk-케이키팩토리","exact-safe","pending","고유 Notion 페이지와 링크 상호·지점 또는 공식 목적지 일치"
"8d9df0fbb77ce9eb","콩불 여수중앙점","ddangyo","https://bit.ly/tk-두찜여수국동점","wrong-branch","pending","URL에 현재 가게와 다른 상호·지점 흔적"
"8d9df0fbb77ce9eb","콩불 여수중앙점","phone_order","https://bit.ly/tel0616442272","needs-review","pending","링크 목적지와 지점명 추가 확인 필요"
"8d9df0fbb77ce9eb","콩불 여수중앙점","yogiyo","https://bit.ly/yo-두찜여수국동점","wrong-branch","pending","URL에 현재 가게와 다른 상호·지점 흔적"
"04036067da3dde5f","킹콩부대찌개 여수점","naver_map","https://bit.ly/4q9BknY","needs-review","pending","링크 목적지와 지점명 추가 확인 필요"
"04036067da3dde5f","킹콩부대찌개 여수점","direct_order","https://bit.ly/46kEDkO","needs-review","pending","링크 목적지와 지점명 추가 확인 필요"
"04036067da3dde5f","킹콩부대찌개 여수점","ddangyo","https://bit.ly/4k2Ujik","needs-review","pending","링크 목적지와 지점명 추가 확인 필요"
"04036067da3dde5f","킹콩부대찌개 여수점","phone_order","https://bit.ly/49Ydqpi","needs-review","pending","링크 목적지와 지점명 추가 확인 필요"
"04036067da3dde5f","킹콩부대찌개 여수점","yogiyo","https://bit.ly/4q5IZ6E","needs-review","pending","링크 목적지와 지점명 추가 확인 필요"
"04036067da3dde5f","킹콩부대찌개 여수점","baemin","https://bit.ly/3LVjirs","needs-review","pending","링크 목적지와 지점명 추가 확인 필요"
"ba7577041d64a394","탕화쿵푸마라탕 여서점","direct_order","https://bit.ly/탕화쿵푸자동주문","wrong-branch","pending","URL에 현재 가게와 다른 상호·지점 흔적"
"ba7577041d64a394","탕화쿵푸마라탕 여서점","ddangyo","https://bit.ly/tk-thang","needs-review","pending","링크 목적지와 지점명 추가 확인 필요"
"ba7577041d64a394","탕화쿵푸마라탕 여서점","phone_order","https://bit.ly/tel0616517188","needs-review","pending","링크 목적지와 지점명 추가 확인 필요"
"ba7577041d64a394","탕화쿵푸마라탕 여서점","yogiyo","https://bit.ly/yo-thang","needs-review","pending","링크 목적지와 지점명 추가 확인 필요"
"ba7577041d64a394","탕화쿵푸마라탕 여서점","coupang_eats","https://bit.ly/cu-thang","needs-review","pending","링크 목적지와 지점명 추가 확인 필요"
"ba7577041d64a394","탕화쿵푸마라탕 여서점","baemin","https://bit.ly/bm-thang","needs-review","pending","링크 목적지와 지점명 추가 확인 필요"
"fe09f5cbf190ca3d","테그42 여수관문점","direct_order","https://bit.ly/테그42자동주문-카페디저트","wrong-branch","pending","URL에 현재 가게와 다른 상호·지점 흔적"
"fe09f5cbf190ca3d","테그42 여수관문점","mukkebi","https://bit.ly/테그42먹깨비-카페디저트","wrong-branch","pending","URL에 현재 가게와 다른 상호·지점 흔적"
"fe09f5cbf190ca3d","테그42 여수관문점","phone_order","https://bit.ly/tel0618073042","needs-review","pending","링크 목적지와 지점명 추가 확인 필요"
"fe09f5cbf190ca3d","테그42 여수관문점","yogiyo","https://bit.ly/46swk6y","needs-review","pending","링크 목적지와 지점명 추가 확인 필요"
"fe09f5cbf190ca3d","테그42 여수관문점","coupang_eats","https://bit.ly/4qyeZRf","needs-review","pending","링크 목적지와 지점명 추가 확인 필요"
"fe09f5cbf190ca3d","테그42 여수관문점","baemin","https://bit.ly/3NS9VcE","needs-review","pending","링크 목적지와 지점명 추가 확인 필요"
"d9730ed96e5fbd9a","틈 돈까스 미평점","ddangyo","https://bit.ly/tk-틈돈까스미평점","exact-safe","pending","고유 Notion 페이지와 링크 상호·지점 또는 공식 목적지 일치"
"d9730ed96e5fbd9a","틈 돈까스 미평점","phone_order","https://bit.ly/tel0616548670","needs-review","pending","링크 목적지와 지점명 추가 확인 필요"
"d9730ed96e5fbd9a","틈 돈까스 미평점","yogiyo","https://bit.ly/yo-틈돈까스미평점","exact-safe","pending","고유 Notion 페이지와 링크 상호·지점 또는 공식 목적지 일치"
"6620c4ab87f00e86","포포샌드","direct_order","https://bit.ly/4cbG8UN","needs-review","pending","링크 목적지와 지점명 추가 확인 필요"
"6620c4ab87f00e86","포포샌드","mukkebi","https://bit.ly/4mjcilN","needs-review","pending","링크 목적지와 지점명 추가 확인 필요"
"6620c4ab87f00e86","포포샌드","phone_order","https://bit.ly/4dzSvwi","needs-review","pending","링크 목적지와 지점명 추가 확인 필요"
"6620c4ab87f00e86","포포샌드","yogiyo","https://bit.ly/yo-맘스터치문수점","wrong-branch","pending","URL에 현재 가게와 다른 상호·지점 흔적"
"9846929c4427576a","푸라닭치킨 여수문수점","ddangyo","https://bit.ly/tk-푸라닭치킨여수문수점","exact-safe","pending","고유 Notion 페이지와 링크 상호·지점 또는 공식 목적지 일치"
"9846929c4427576a","푸라닭치킨 여수문수점","phone_order","https://bit.ly/tel0616519206","needs-review","pending","링크 목적지와 지점명 추가 확인 필요"
"9846929c4427576a","푸라닭치킨 여수문수점","yogiyo","https://bit.ly/yo-푸라닭치킨여수문수점","exact-safe","pending","고유 Notion 페이지와 링크 상호·지점 또는 공식 목적지 일치"
"0a231139875a51cc","푸줏간 고기도시락 여수문수점","ddangyo","https://bit.ly/tk-푸줏간고기도시락여수문수점","exact-safe","pending","고유 Notion 페이지와 링크 상호·지점 또는 공식 목적지 일치"
"0a231139875a51cc","푸줏간 고기도시락 여수문수점","yogiyo","https://bit.ly/yo-푸줏간고기도시락여수문수점","exact-safe","pending","고유 Notion 페이지와 링크 상호·지점 또는 공식 목적지 일치"
"f8a71a5a2344ee7f","프랭크버거 미평점","ddangyo","https://bit.ly/tk-yeosu1","needs-review","pending","링크 목적지와 지점명 추가 확인 필요"
"f8a71a5a2344ee7f","프랭크버거 미평점","phone_order","https://bit.ly/tel0616547656","needs-review","pending","링크 목적지와 지점명 추가 확인 필요"
"f8a71a5a2344ee7f","프랭크버거 미평점","yogiyo","https://bit.ly/yo-yeosu1","needs-review","pending","링크 목적지와 지점명 추가 확인 필요"
"1d0648282bdf1385","피나치공 국동점","direct_order","https://bit.ly/495A4MM","needs-review","pending","링크 목적지와 지점명 추가 확인 필요"
"1d0648282bdf1385","피나치공 국동점","mukkebi","https://bit.ly/42L1oMG","needs-review","pending","링크 목적지와 지점명 추가 확인 필요"
"1d0648282bdf1385","피나치공 국동점","ddangyo","https://bit.ly/4w77JQa","needs-review","pending","링크 목적지와 지점명 추가 확인 필요"
"1d0648282bdf1385","피나치공 국동점","phone_order","https://bit.ly/4w63Iv7","needs-review","pending","링크 목적지와 지점명 추가 확인 필요"
"1d0648282bdf1385","피나치공 국동점","yogiyo","https://bit.ly/4umGHlU","needs-review","pending","링크 목적지와 지점명 추가 확인 필요"
"1d0648282bdf1385","피나치공 국동점","coupang_eats","https://bit.ly/4taRi2w","needs-review","pending","링크 목적지와 지점명 추가 확인 필요"
"1d0648282bdf1385","피나치공 국동점","baemin","https://bit.ly/4t9tiww","needs-review","pending","링크 목적지와 지점명 추가 확인 필요"
"d77bf57a99d5a355","피자나라치킨공주 여서점","naver_map","https://bit.ly/4uiqwWS","needs-review","pending","링크 목적지와 지점명 추가 확인 필요"
"d77bf57a99d5a355","피자나라치킨공주 여서점","direct_order","https://bit.ly/4upb8rQ","needs-review","pending","링크 목적지와 지점명 추가 확인 필요"
"d77bf57a99d5a355","피자나라치킨공주 여서점","mukkebi","https://bit.ly/3OEjVXR","needs-review","pending","링크 목적지와 지점명 추가 확인 필요"
"d77bf57a99d5a355","피자나라치킨공주 여서점","ddangyo","https://bit.ly/4eoEO3I","needs-review","pending","링크 목적지와 지점명 추가 확인 필요"
"d77bf57a99d5a355","피자나라치킨공주 여서점","phone_order","https://bit.ly/4n1hH1a","needs-review","pending","링크 목적지와 지점명 추가 확인 필요"
"d77bf57a99d5a355","피자나라치킨공주 여서점","yogiyo","https://bit.ly/42fb7L4","needs-review","pending","링크 목적지와 지점명 추가 확인 필요"
"d77bf57a99d5a355","피자나라치킨공주 여서점","coupang_eats","https://bit.ly/4epjStq","needs-review","pending","링크 목적지와 지점명 추가 확인 필요"
"d77bf57a99d5a355","피자나라치킨공주 여서점","baemin","https://bit.ly/4d27KvQ","needs-review","pending","링크 목적지와 지점명 추가 확인 필요"
"d696a7c25651c706","피자스쿨  미평점","direct_order","https://bit.ly/4aTDF21","needs-review","pending","링크 목적지와 지점명 추가 확인 필요"
"d696a7c25651c706","피자스쿨  미평점","mukkebi","https://bit.ly/4mkXIdM","needs-review","pending","링크 목적지와 지점명 추가 확인 필요"
"d696a7c25651c706","피자스쿨  미평점","ddangyo","https://bit.ly/4seEfwN","needs-review","pending","링크 목적지와 지점명 추가 확인 필요"
"d696a7c25651c706","피자스쿨  미평점","phone_order","https://bit.ly/4l3VqyV","needs-review","pending","링크 목적지와 지점명 추가 확인 필요"
"d696a7c25651c706","피자스쿨  미평점","coupang_eats","https://bit.ly/4r46fm0","needs-review","pending","링크 목적지와 지점명 추가 확인 필요"
"d696a7c25651c706","피자스쿨  미평점","baemin","https://bit.ly/47iOuIm","needs-review","pending","링크 목적지와 지점명 추가 확인 필요"
"abb76aa470e26f7a","피자스쿨 여문점","ddangyo","https://bit.ly/tk-피자스쿨여문점","exact-safe","pending","고유 Notion 페이지와 링크 상호·지점 또는 공식 목적지 일치"
"abb76aa470e26f7a","피자스쿨 여문점","phone_order","https://bit.ly/tel-피자스쿨여문점","exact-safe","pending","고유 Notion 페이지와 링크 상호·지점 또는 공식 목적지 일치"
"abb76aa470e26f7a","피자스쿨 여문점","yogiyo","https://bit.ly/yo-피자스쿨여문점","exact-safe","pending","고유 Notion 페이지와 링크 상호·지점 또는 공식 목적지 일치"
"9f89e6d7784cf4a2","피자프렌드 미평점","ddangyo","https://bit.ly/tk-외계인피자여수점","wrong-branch","pending","URL에 현재 가게와 다른 상호·지점 흔적"
"9f89e6d7784cf4a2","피자프렌드 미평점","phone_order","https://bit.ly/tel050713852676","needs-review","pending","링크 목적지와 지점명 추가 확인 필요"
"9f89e6d7784cf4a2","피자프렌드 미평점","yogiyo","https://bit.ly/yo-외계인피자여수점","wrong-branch","pending","URL에 현재 가게와 다른 상호·지점 흔적"
"9f89e6d7784cf4a2","피자프렌드 미평점","coupang_eats","https://bit.ly/cu-외계인피자여수점","wrong-branch","pending","URL에 현재 가게와 다른 상호·지점 흔적"
"9f89e6d7784cf4a2","피자프렌드 미평점","baemin","https://bit.ly/bm-외계인피자여수점","wrong-branch","pending","URL에 현재 가게와 다른 상호·지점 흔적"
"13c8e99cd1a7d7a1","하나옛날통닭 문수점","naver_map","https://bit.ly/4cmKoSB","needs-review","pending","링크 목적지와 지점명 추가 확인 필요"
"13c8e99cd1a7d7a1","하나옛날통닭 문수점","direct_order","https://bit.ly/41NtpCN","needs-review","pending","링크 목적지와 지점명 추가 확인 필요"
"13c8e99cd1a7d7a1","하나옛날통닭 문수점","mukkebi","https://bit.ly/4c8ob9w","needs-review","pending","링크 목적지와 지점명 추가 확인 필요"
"13c8e99cd1a7d7a1","하나옛날통닭 문수점","ddangyo","https://bit.ly/3NO4ETU","needs-review","pending","링크 목적지와 지점명 추가 확인 필요"
"13c8e99cd1a7d7a1","하나옛날통닭 문수점","phone_order","https://bit.ly/4cvq54v","needs-review","pending","링크 목적지와 지점명 추가 확인 필요"
"13c8e99cd1a7d7a1","하나옛날통닭 문수점","yogiyo","https://bit.ly/48dBQuO","needs-review","pending","링크 목적지와 지점명 추가 확인 필요"
"13c8e99cd1a7d7a1","하나옛날통닭 문수점","coupang_eats","https://bit.ly/47IxD28","needs-review","pending","링크 목적지와 지점명 추가 확인 필요"
"c87b8aa579b69ea1","하이오커피 여수교동점","direct_order","https://bit.ly/3Z2aHGk","needs-review","pending","링크 목적지와 지점명 추가 확인 필요"
"c87b8aa579b69ea1","하이오커피 여수교동점","mukkebi","https://bit.ly/3NHjI5m","needs-review","pending","링크 목적지와 지점명 추가 확인 필요"
"c87b8aa579b69ea1","하이오커피 여수교동점","phone_order","https://bit.ly/4tieYDw","needs-review","pending","링크 목적지와 지점명 추가 확인 필요"
"c87b8aa579b69ea1","하이오커피 여수교동점","coupang_eats","https://bit.ly/4t3OyoC","needs-review","pending","링크 목적지와 지점명 추가 확인 필요"
"c87b8aa579b69ea1","하이오커피 여수교동점","baemin","https://bit.ly/49ZMHIS","needs-review","pending","링크 목적지와 지점명 추가 확인 필요"
"e73b3aae78840798","한솥도시락 여수전남대점","direct_order","https://bit.ly/4dZ3ZJO","needs-review","pending","링크 목적지와 지점명 추가 확인 필요"
"e73b3aae78840798","한솥도시락 여수전남대점","mukkebi","https://bit.ly/4c5OWeF","needs-review","pending","링크 목적지와 지점명 추가 확인 필요"
"e73b3aae78840798","한솥도시락 여수전남대점","ddangyo","https://bit.ly/41jlTzt","needs-review","pending","링크 목적지와 지점명 추가 확인 필요"
"e73b3aae78840798","한솥도시락 여수전남대점","phone_order","https://bit.ly/4cfWw6S","needs-review","pending","링크 목적지와 지점명 추가 확인 필요"
"91622c10687d56dd","향미진짬뽕","ddangyo","https://bit.ly/tk-향미진짬뽕","exact-safe","pending","고유 Notion 페이지와 링크 상호·지점 또는 공식 목적지 일치"
"91622c10687d56dd","향미진짬뽕","phone_order","https://bit.ly/tel0616550667","needs-review","pending","링크 목적지와 지점명 추가 확인 필요"
"91622c10687d56dd","향미진짬뽕","yogiyo","https://ws.yogiyo.co.kr/vi2fbz","exact-safe","pending","고유 Notion 페이지와 링크 상호·지점 또는 공식 목적지 일치"
"91622c10687d56dd","향미진짬뽕","baemin","https://bit.ly/bm-향미진짬뽕","exact-safe","pending","고유 Notion 페이지와 링크 상호·지점 또는 공식 목적지 일치"
"36419c4127ce96c4","호미스피자 여수점","ddangyo","https://bit.ly/47Q5q9z","needs-review","pending","링크 목적지와 지점명 추가 확인 필요"
"36419c4127ce96c4","호미스피자 여수점","phone_order","https://bit.ly/tel050713119916","needs-review","pending","링크 목적지와 지점명 추가 확인 필요"
"36419c4127ce96c4","호미스피자 여수점","yogiyo","https://bit.ly/yo-호미스피자여수점","exact-safe","pending","고유 Notion 페이지와 링크 상호·지점 또는 공식 목적지 일치"
"23f9cb364b06cd44","호식이두마리치킨 국동점","ddangyo","https://bit.ly/tk-호식이두마리치킨국동점","exact-safe","pending","고유 Notion 페이지와 링크 상호·지점 또는 공식 목적지 일치"
"23f9cb364b06cd44","호식이두마리치킨 국동점","phone_order","https://bit.ly/tel0616419295","needs-review","pending","링크 목적지와 지점명 추가 확인 필요"
"23f9cb364b06cd44","호식이두마리치킨 국동점","yogiyo","https://bit.ly/yo-호식이두마리치킨국동점","exact-safe","pending","고유 Notion 페이지와 링크 상호·지점 또는 공식 목적지 일치"
"1ed1cc571c81df01","홍콩반점0410 여수문수점","ddangyo","https://bit.ly/tk-홍콩반점0410여수문수점","exact-safe","pending","고유 Notion 페이지와 링크 상호·지점 또는 공식 목적지 일치"
"1ed1cc571c81df01","홍콩반점0410 여수문수점","phone_order","https://bit.ly/tel07086910410","needs-review","pending","링크 목적지와 지점명 추가 확인 필요"
"1ed1cc571c81df01","홍콩반점0410 여수문수점","yogiyo","https://bit.ly/yo-홍콩반점0410여수문수점","exact-safe","pending","고유 Notion 페이지와 링크 상호·지점 또는 공식 목적지 일치"
"4597954f924a4979","황금마차","ddangyo","https://bit.ly/tk-황금마차","exact-safe","pending","고유 Notion 페이지와 링크 상호·지점 또는 공식 목적지 일치"
"6390834d3238c3eb","황금아구 미평점","ddangyo","https://bit.ly/tk-황금아구","wrong-branch","pending","URL에 현재 가게와 다른 상호·지점 흔적"
"6390834d3238c3eb","황금아구 미평점","yogiyo","https://ws.yogiyo.co.kr/f0rsu8g","exact-safe","pending","고유 Notion 페이지와 링크 상호·지점 또는 공식 목적지 일치"
"6390834d3238c3eb","황금아구 미평점","coupang_eats","https://bit.ly/cu-황금아구","wrong-branch","pending","URL에 현재 가게와 다른 상호·지점 흔적"
"6390834d3238c3eb","황금아구 미평점","baemin","https://bit.ly/bm-황금아구","wrong-branch","pending","URL에 현재 가게와 다른 상호·지점 흔적"
"9ad90be6a8c96862","회먹다","phone_order","https://bit.ly/tel050714782248","needs-review","pending","링크 목적지와 지점명 추가 확인 필요"
"9ad90be6a8c96862","회먹다","yogiyo","https://bit.ly/yo-회먹다","needs-review","pending","링크 목적지와 지점명 추가 확인 필요"
"9ee73ce6168105ec","더벤티 여수국동항점","naver_map","https://bit.ly/네이버지도-배스킨라빈스여수여서점","wrong-branch","pending","URL에 현재 가게와 다른 상호·지점 흔적"
"9ee73ce6168105ec","더벤티 여수국동항점","local_gift_app","https://bit.ly/chak-yeosu","exact-safe","pending","고유 Notion 페이지와 링크 상호·지점 또는 공식 목적지 일치"
"9ee73ce6168105ec","더벤티 여수국동항점","direct_order","https://bit.ly/auto-배스킨라빈스여수여서점","wrong-branch","pending","URL에 현재 가게와 다른 상호·지점 흔적"
"9ee73ce6168105ec","더벤티 여수국동항점","phone_order","https://bit.ly/전화-배스킨라빈스여수여서점","wrong-branch","pending","URL에 현재 가게와 다른 상호·지점 흔적"
"9ee73ce6168105ec","더벤티 여수국동항점","yogiyo","https://bit.ly/yo-배스킨라빈스여수여서점","wrong-branch","pending","URL에 현재 가게와 다른 상호·지점 흔적"
"9ee73ce6168105ec","더벤티 여수국동항점","coupang_eats","https://bit.ly/cu-배스킨라빈스여수여서점","wrong-branch","pending","URL에 현재 가게와 다른 상호·지점 흔적"
"9ee73ce6168105ec","더벤티 여수국동항점","baemin","https://bit.ly/bm-배스킨라빈스여수여서점","wrong-branch","pending","URL에 현재 가게와 다른 상호·지점 흔적"

